[2026-02-21T09:22:09.125Z] [INFO] Logger initialized
[2026-02-21T09:22:09.130Z] [INFO] Application starting...
[2026-02-21T09:22:09.130Z] [INFO] Running in development mode
[2026-02-21T09:22:09.305Z] [INFO] System tray created
[2026-02-21T09:22:09.305Z] [INFO] Global shortcut registered: F9
[2026-02-21T09:22:10.359Z] [INFO] Main window ready
[2026-02-21T09:22:12.431Z] [ERROR] Failed to get audio devices: navigator is not defined
[2026-02-21T09:26:32.724Z] [INFO] Global shortcut registered: F9
[2026-02-21T09:26:36.767Z] [INFO] Recording tray created
[2026-02-21T09:26:53.624Z] [INFO] System tray created
[2026-02-21T09:26:53.656Z] [INFO] Save dialog canceled
[2026-02-21T09:28:32.807Z] [INFO] Recording tray created
[2026-02-21T09:28:45.251Z] [INFO] System tray created
[2026-02-21T09:28:45.280Z] [INFO] Save dialog canceled
[2026-02-21T09:29:49.257Z] [INFO] Application closing
[2026-02-21T09:30:38.156Z] [INFO] Logger initialized
[2026-02-21T09:30:38.160Z] [INFO] Application starting...
[2026-02-21T09:30:38.160Z] [INFO] Running in development mode
[2026-02-21T09:30:38.310Z] [INFO] System tray created
[2026-02-21T09:30:38.315Z] [INFO] Global shortcut registered: F9
[2026-02-21T09:30:39.245Z] [INFO] Main window ready
[2026-02-21T09:30:58.747Z] [INFO] Recording tray created
[2026-02-21T09:31:28.157Z] [INFO] System tray created
[2026-02-21T09:31:28.241Z] [INFO] Save dialog canceled
[2026-02-21T09:36:26.412Z] [INFO] Application closing
[2026-02-21T09:36:53.993Z] [INFO] Logger initialized
[2026-02-21T09:36:53.997Z] [INFO] Application starting...
[2026-02-21T09:36:53.997Z] [INFO] Running in development mode
[2026-02-21T09:36:54.133Z] [INFO] System tray created
[2026-02-21T09:36:54.137Z] [INFO] Global shortcut registered: F9
[2026-02-21T09:36:55.026Z] [INFO] Main window ready
[2026-02-21T09:37:17.167Z] [INFO] Recording tray created
[2026-02-21T09:37:30.806Z] [INFO] System tray created
[2026-02-21T09:37:39.252Z] [INFO] Recording saved to temp: C:\Users\oluegwuc\AppData\Local\Temp\temp_recording_1771666659245.webm, size: 6382846 bytes
[2026-02-21T09:37:41.059Z] [INFO] FFmpeg started: ffmpeg -i C:\Users\oluegwuc\AppData\Local\Temp\temp_recording_1771666659245.webm -y -c:v libx264 -crf 18 -preset slow -movflags +faststart -pix_fmt yuv420p -vf scale=1280:720:force_original_aspect_ratio=decrease,pad=1280:720:(ow-iw)/2:(oh-ih)/2,setsar=1 -r 30 -c:a aac -b:a 128k -f mp4 C:\Users\oluegwuc\Desktop\Recording_2026-02-21T09-37-30-833Z.mp4
[2026-02-21T09:37:47.986Z] [INFO] Conversion complete: C:\Users\oluegwuc\Desktop\Recording_2026-02-21T09-37-30-833Z.mp4
[2026-02-21T09:37:47.989Z] [INFO] Recording converted and saved: C:\Users\oluegwuc\Desktop\Recording_2026-02-21T09-37-30-833Z.mp4
[2026-02-21T09:51:15.274Z] [INFO] Logger initialized
[2026-02-21T09:51:15.281Z] [INFO] Application starting...
[2026-02-21T09:51:15.281Z] [INFO] Running in development mode
[2026-02-21T09:51:15.454Z] [INFO] System tray created
[2026-02-21T09:51:15.455Z] [INFO] Global shortcut registered: F9
[2026-02-21T09:51:16.460Z] [INFO] Main window ready
[2026-02-21T09:51:39.094Z] [INFO] Recording tray created
[2026-02-21T09:52:22.208Z] [INFO] System tray created
[2026-02-21T09:52:31.793Z] [INFO] Recording saved to temp: C:\Users\oluegwuc\AppData\Local\Temp\temp_recording_1771667551783.webm, size: 8476474 bytes
[2026-02-21T09:52:32.132Z] [INFO] FFmpeg started: ffmpeg -i C:\Users\oluegwuc\AppData\Local\Temp\temp_recording_1771667551783.webm -y -c:v libx264 -crf 18 -preset slow -movflags +faststart -pix_fmt yuv420p -vf scale=1280:720:force_original_aspect_ratio=decrease,pad=1280:720:(ow-iw)/2:(oh-ih)/2,setsar=1 -r 30 -c:a aac -b:a 128k -f mp4 C:\Users\oluegwuc\Desktop\Recording_2026-02-21T09-52-22-261Z.mp4
[2026-02-21T09:52:32.305Z] [INFO] FFmpeg progress: 0.05% - 00:00:00.15
[2026-02-21T09:52:32.750Z] [INFO] FFmpeg progress: 0.71% - 00:00:02.13
[2026-02-21T09:52:33.260Z] [INFO] FFmpeg progress: 0.8466666666666668% - 00:00:02.54
[2026-02-21T09:52:33.761Z] [INFO] FFmpeg progress: 1.1066666666666665% - 00:00:03.32
[2026-02-21T09:52:34.293Z] [INFO] FFmpeg progress: 1.4700000000000002% - 00:00:04.41
[2026-02-21T09:52:34.806Z] [INFO] FFmpeg progress: 1.9133333333333336% - 00:00:05.74
[2026-02-21T09:52:35.347Z] [INFO] FFmpeg progress: 2.19% - 00:00:06.57
[2026-02-21T09:52:35.836Z] [INFO] FFmpeg progress: 2.65% - 00:00:07.95
[2026-02-21T09:52:36.365Z] [INFO] FFmpeg progress: 3.086666666666667% - 00:00:09.26
[2026-02-21T09:52:36.975Z] [INFO] FFmpeg progress: 3.5133333333333328% - 00:00:10.54
[2026-02-21T09:52:37.648Z] [INFO] FFmpeg progress: 4.33% - 00:00:12.99
[2026-02-21T09:52:38.186Z] [INFO] FFmpeg progress: 4.946666666666666% - 00:00:14.84
[2026-02-21T09:52:38.701Z] [INFO] FFmpeg progress: 5.466666666666666% - 00:00:16.40
[2026-02-21T09:52:39.208Z] [INFO] FFmpeg progress: 6.170000000000001% - 00:00:18.51
[2026-02-21T09:52:39.722Z] [INFO] FFmpeg progress: 6.393333333333333% - 00:00:19.18
[2026-02-21T09:52:40.288Z] [INFO] FFmpeg progress: 7.286666666666666% - 00:00:21.86
[2026-02-21T09:52:40.789Z] [INFO] FFmpeg progress: 8.290000000000001% - 00:00:24.87
[2026-02-21T09:52:41.633Z] [INFO] FFmpeg progress: 8.866666666666667% - 00:00:26.60
[2026-02-21T09:52:41.884Z] [INFO] FFmpeg progress: 9.593333333333334% - 00:00:28.78
[2026-02-21T09:52:42.621Z] [INFO] FFmpeg progress: 10.95% - 00:00:32.85
[2026-02-21T09:52:42.895Z] [INFO] FFmpeg progress: 11.306666666666668% - 00:00:33.92
[2026-02-21T09:52:43.631Z] [INFO] FFmpeg progress: 11.39% - 00:00:34.17
[2026-02-21T09:52:43.936Z] [INFO] FFmpeg progress: 11.426666666666668% - 00:00:34.28
[2026-02-21T09:52:44.487Z] [INFO] FFmpeg progress: 11.81% - 00:00:35.43
[2026-02-21T09:52:44.993Z] [INFO] FFmpeg progress: 12.473333333333333% - 00:00:37.42
[2026-02-21T09:52:45.514Z] [INFO] FFmpeg progress: 12.926666666666668% - 00:00:38.78
[2026-02-21T09:52:46.066Z] [INFO] FFmpeg progress: 13.63% - 00:00:40.89
[2026-02-21T09:52:46.594Z] [INFO] FFmpeg progress: 14.073333333333332% - 00:00:42.22
[2026-02-21T09:52:47.695Z] [INFO] FFmpeg progress: 14.37% - 00:00:43.11
[2026-02-21T09:52:47.775Z] [INFO] Conversion complete: C:\Users\oluegwuc\Desktop\Recording_2026-02-21T09-52-22-261Z.mp4
[2026-02-21T09:52:47.778Z] [INFO] Recording converted and saved: C:\Users\oluegwuc\Desktop\Recording_2026-02-21T09-52-22-261Z.mp4
[2026-02-21T09:53:35.888Z] [INFO] Recording tray created
[2026-02-21T09:53:56.119Z] [INFO] System tray created
[2026-02-21T09:54:05.830Z] [INFO] Recording saved to temp: C:\Users\oluegwuc\AppData\Local\Temp\temp_recording_1771667645818.webm, size: 10524157 bytes
[2026-02-21T09:54:05.863Z] [INFO] FFmpeg started: ffmpeg -i C:\Users\oluegwuc\AppData\Local\Temp\temp_recording_1771667645818.webm -y -c:v libx264 -crf 18 -preset slow -movflags +faststart -pix_fmt yuv420p -vf scale=1280:720:force_original_aspect_ratio=decrease,pad=1280:720:(ow-iw)/2:(oh-ih)/2,setsar=1 -r 30 -c:a aac -b:a 128k -f mp4 C:\Users\oluegwuc\Desktop\Recording_2026-02-21T09-53-56-182Z.mp4
[2026-02-21T09:54:06.088Z] [INFO] FFmpeg progress: 0.02666666666666667% - 00:00:00.08
[2026-02-21T09:54:06.526Z] [INFO] FFmpeg progress: 0.69% - 00:00:02.07
[2026-02-21T09:54:07.073Z] [INFO] FFmpeg progress: 0.8100000000000002% - 00:00:02.43
[2026-02-21T09:54:07.623Z] [INFO] FFmpeg progress: 1.0866666666666664% - 00:00:03.26
[2026-02-21T09:54:08.146Z] [INFO] FFmpeg progress: 1.35% - 00:00:04.05
[2026-02-21T09:54:08.655Z] [INFO] FFmpeg progress: 1.7500000000000002% - 00:00:05.25
[2026-02-21T09:54:09.264Z] [INFO] FFmpeg progress: 2.09% - 00:00:06.27
[2026-02-21T09:54:09.804Z] [INFO] FFmpeg progress: 2.566666666666667% - 00:00:07.70
[2026-02-21T09:54:10.302Z] [INFO] FFmpeg progress: 2.9066666666666667% - 00:00:08.72
[2026-02-21T09:54:11.151Z] [INFO] FFmpeg progress: 3.726666666666666% - 00:00:11.18
[2026-02-21T09:54:11.675Z] [INFO] FFmpeg progress: 4.6866666666666665% - 00:00:14.06
[2026-02-21T09:54:12.183Z] [INFO] FFmpeg progress: 4.77% - 00:00:14.31
[2026-02-21T09:54:12.711Z] [INFO] FFmpeg progress: 5.346666666666666% - 00:00:16.04
[2026-02-21T09:54:13.213Z] [INFO] FFmpeg progress: 5.866666666666667% - 00:00:17.60
[2026-02-21T09:54:13.921Z] [INFO] FFmpeg progress: 6.3066666666666675% - 00:00:18.92
[2026-02-21T09:54:14.408Z] [INFO] FFmpeg progress: 6.506666666666666% - 00:00:19.52
[2026-02-21T09:54:14.982Z] [INFO] FFmpeg progress: 6.713333333333334% - 00:00:20.14
[2026-02-21T09:54:15.778Z] [INFO] FFmpeg progress: 6.726666666666667% - 00:00:20.18
[2026-02-21T09:54:15.850Z] [INFO] Conversion complete: C:\Users\oluegwuc\Desktop\Recording_2026-02-21T09-53-56-182Z.mp4
[2026-02-21T09:54:15.854Z] [INFO] Recording converted and saved: C:\Users\oluegwuc\Desktop\Recording_2026-02-21T09-53-56-182Z.mp4
[2026-02-21T09:56:25.910Z] [INFO] Global shortcut registered: F9
[2026-02-21T09:56:35.456Z] [INFO] Recording tray created
[2026-02-21T09:56:59.858Z] [INFO] System tray created
[2026-02-21T09:57:06.495Z] [INFO] Recording saved to temp: C:\Users\oluegwuc\AppData\Local\Temp\temp_recording_1771667826490.webm, size: 3959464 bytes
[2026-02-21T09:57:06.496Z] [INFO] Recording saved: C:\Users\oluegwuc\Desktop\Recording_2026-02-21T09-56-59-875Z.webm
[2026-02-21T09:58:18.333Z] [INFO] Application closing
[2026-02-21T09:58:33.215Z] [INFO] Logger initialized
[2026-02-21T09:58:33.220Z] [INFO] Application starting...
[2026-02-21T09:58:33.220Z] [INFO] Running in development mode
[2026-02-21T09:58:33.374Z] [INFO] System tray created
[2026-02-21T09:58:33.381Z] [INFO] Global shortcut registered: F9
[2026-02-21T09:58:34.356Z] [INFO] Main window ready
[2026-02-21T09:59:13.617Z] [INFO] Recording tray created
[2026-02-21T09:59:33.807Z] [INFO] System tray created
[2026-02-21T09:59:45.608Z] [INFO] Recording saved to temp: C:\Users\oluegwuc\AppData\Local\Temp\temp_recording_1771667985603.webm, size: 3734921 bytes
[2026-02-21T09:59:45.960Z] [INFO] FFmpeg started: ffmpeg -i C:\Users\oluegwuc\AppData\Local\Temp\temp_recording_1771667985603.webm -y -c:v libx264 -crf 18 -preset slow -movflags +faststart -pix_fmt yuv420p -vf scale=1280:720:force_original_aspect_ratio=decrease,pad=1280:720:(ow-iw)/2:(oh-ih)/2,setsar=1 -r 30 -c:a aac -b:a 128k -f mp4 C:\Users\oluegwuc\Desktop\Recording_2026-02-21T09-59-33-825Z.mp4
[2026-02-21T09:59:46.148Z] [INFO] FFmpeg progress: 0.04666666666666667% - 00:00:00.14
[2026-02-21T09:59:46.690Z] [INFO] FFmpeg progress: 0.73% - 00:00:02.19
[2026-02-21T09:59:47.355Z] [INFO] FFmpeg progress: 0.8866666666666667% - 00:00:02.66
[2026-02-21T09:59:47.841Z] [INFO] FFmpeg progress: 1.25% - 00:00:03.75
[2026-02-21T09:59:48.351Z] [INFO] FFmpeg progress: 1.7066666666666668% - 00:00:05.12
[2026-02-21T09:59:48.871Z] [INFO] FFmpeg progress: 2.23% - 00:00:06.69
[2026-02-21T09:59:49.373Z] [INFO] FFmpeg progress: 2.466666666666667% - 00:00:07.40
[2026-02-21T09:59:49.876Z] [INFO] FFmpeg progress: 2.8866666666666667% - 00:00:08.66
[2026-02-21T09:59:50.377Z] [INFO] FFmpeg progress: 3.37% - 00:00:10.11
[2026-02-21T09:59:50.890Z] [INFO] FFmpeg progress: 3.6900000000000004% - 00:00:11.07
[2026-02-21T09:59:51.392Z] [INFO] FFmpeg progress: 4.186666666666667% - 00:00:12.56
[2026-02-21T09:59:51.892Z] [INFO] FFmpeg progress: 4.77% - 00:00:14.31
[2026-02-21T09:59:52.405Z] [INFO] FFmpeg progress: 5.246666666666667% - 00:00:15.74
[2026-02-21T09:59:52.906Z] [INFO] FFmpeg progress: 5.73% - 00:00:17.19
[2026-02-21T09:59:53.407Z] [INFO] FFmpeg progress: 6.25% - 00:00:18.75
[2026-02-21T09:59:53.986Z] [INFO] FFmpeg progress: 6.506666666666666% - 00:00:19.52
[2026-02-21T09:59:54.750Z] [INFO] FFmpeg progress: 6.726666666666667% - 00:00:20.18
[2026-02-21T09:59:54.831Z] [INFO] Conversion complete: C:\Users\oluegwuc\Desktop\Recording_2026-02-21T09-59-33-825Z.mp4
[2026-02-21T09:59:54.833Z] [INFO] Recording converted and saved: C:\Users\oluegwuc\Desktop\Recording_2026-02-21T09-59-33-825Z.mp4
[2026-02-21T10:03:08.956Z] [INFO] Application closing
[2026-02-21T10:03:18.746Z] [INFO] Logger initialized
[2026-02-21T10:03:18.751Z] [INFO] Application starting...
[2026-02-21T10:03:18.751Z] [INFO] Running in development mode
[2026-02-21T10:03:18.900Z] [INFO] System tray created
[2026-02-21T10:03:18.908Z] [INFO] Global shortcut registered: F9
[2026-02-21T10:03:19.748Z] [INFO] Main window ready
[2026-02-21T10:03:38.151Z] [INFO] Recording tray created
[2026-02-21T10:04:12.813Z] [INFO] Stop recording triggered via global shortcut
[2026-02-21T10:04:12.874Z] [INFO] System tray created
[2026-02-21T10:04:25.704Z] [INFO] Recording saved to temp: C:\Users\oluegwuc\AppData\Local\Temp\temp_recording_1771668265688.webm, size: 14271383 bytes
[2026-02-21T10:04:26.035Z] [INFO] FFmpeg started: ffmpeg -i C:\Users\oluegwuc\AppData\Local\Temp\temp_recording_1771668265688.webm -y -c:v libx264 -crf 18 -preset slow -movflags +faststart -pix_fmt yuv420p -r 30 -c:a aac -b:a 128k -f mp4 C:\Users\oluegwuc\Videos\Recording_2026-02-21T10-04-12-966Z.mp4
[2026-02-21T10:04:26.170Z] [INFO] FFmpeg progress: 0.05666666666666667% - 00:00:00.17
[2026-02-21T10:04:26.928Z] [INFO] FFmpeg progress: 0.73% - 00:00:02.19
[2026-02-21T10:04:27.544Z] [INFO] FFmpeg progress: 0.9733333333333334% - 00:00:02.92
[2026-02-21T10:04:28.011Z] [INFO] FFmpeg progress: 1.1933333333333334% - 00:00:03.58
[2026-02-21T10:04:28.465Z] [INFO] FFmpeg progress: 1.4333333333333333% - 00:00:04.30
[2026-02-21T10:04:28.987Z] [INFO] FFmpeg progress: 1.7766666666666666% - 00:00:05.33
[2026-02-21T10:04:29.517Z] [INFO] FFmpeg progress: 2.11% - 00:00:06.33
[2026-02-21T10:04:30.013Z] [INFO] FFmpeg progress: 2.473333333333333% - 00:00:07.42
[2026-02-21T10:04:30.544Z] [INFO] FFmpeg progress: 2.87% - 00:00:08.61
[2026-02-21T10:04:31.060Z] [INFO] FFmpeg progress: 3.256666666666667% - 00:00:09.77
[2026-02-21T10:04:31.640Z] [INFO] FFmpeg progress: 3.4966666666666666% - 00:00:10.49
[2026-02-21T10:04:32.130Z] [INFO] FFmpeg progress: 3.9299999999999993% - 00:00:11.79
[2026-02-21T10:04:32.666Z] [INFO] FFmpeg progress: 4.116666666666666% - 00:00:12.35
[2026-02-21T10:04:33.150Z] [INFO] FFmpeg progress: 4.493333333333333% - 00:00:13.48
[2026-02-21T10:04:33.668Z] [INFO] FFmpeg progress: 4.833333333333333% - 00:00:14.50
[2026-02-21T10:04:34.185Z] [INFO] FFmpeg progress: 5.153333333333333% - 00:00:15.46
[2026-02-21T10:04:34.700Z] [INFO] FFmpeg progress: 5.453333333333333% - 00:00:16.36
[2026-02-21T10:04:35.230Z] [INFO] FFmpeg progress: 5.816666666666666% - 00:00:17.45
[2026-02-21T10:04:35.890Z] [INFO] FFmpeg progress: 6.036666666666666% - 00:00:18.11
[2026-02-21T10:04:36.512Z] [INFO] FFmpeg progress: 6.27% - 00:00:18.81
[2026-02-21T10:04:37.049Z] [INFO] FFmpeg progress: 6.633333333333333% - 00:00:19.90
[2026-02-21T10:04:37.593Z] [INFO] FFmpeg progress: 6.933333333333333% - 00:00:20.80
[2026-02-21T10:04:38.071Z] [INFO] FFmpeg progress: 7.253333333333334% - 00:00:21.76
[2026-02-21T10:04:38.639Z] [INFO] FFmpeg progress: 7.593333333333334% - 00:00:22.78
[2026-02-21T10:04:39.148Z] [INFO] FFmpeg progress: 7.913333333333333% - 00:00:23.74
[2026-02-21T10:04:39.726Z] [INFO] FFmpeg progress: 8.309999999999999% - 00:00:24.93
[2026-02-21T10:04:40.239Z] [INFO] FFmpeg progress: 8.573333333333332% - 00:00:25.72
[2026-02-21T10:04:40.820Z] [INFO] FFmpeg progress: 8.936666666666666% - 00:00:26.81
[2026-02-21T10:04:41.333Z] [INFO] FFmpeg progress: 9.136666666666667% - 00:00:27.41
[2026-02-21T10:04:41.873Z] [INFO] FFmpeg progress: 9.493333333333332% - 00:00:28.48
[2026-02-21T10:04:42.419Z] [INFO] FFmpeg progress: 9.853333333333333% - 00:00:29.56
[2026-02-21T10:04:42.996Z] [INFO] FFmpeg progress: 10.073333333333332% - 00:00:30.22
[2026-02-21T10:04:43.490Z] [INFO] FFmpeg progress: 10.453333333333333% - 00:00:31.36
[2026-02-21T10:04:44.067Z] [INFO] FFmpeg progress: 10.636666666666667% - 00:00:31.91
[2026-02-21T10:04:44.609Z] [INFO] FFmpeg progress: 10.913333333333334% - 00:00:32.74
[2026-02-21T10:04:45.127Z] [INFO] FFmpeg progress: 11.176666666666666% - 00:00:33.53
[2026-02-21T10:04:45.764Z] [INFO] FFmpeg progress: 11.54% - 00:00:34.62
[2026-02-21T10:04:47.019Z] [INFO] FFmpeg progress: 11.553333333333333% - 00:00:34.66
[2026-02-21T10:04:47.127Z] [INFO] Conversion complete: C:\Users\oluegwuc\Videos\Recording_2026-02-21T10-04-12-966Z.mp4
[2026-02-21T10:04:47.131Z] [INFO] Recording converted and saved: C:\Users\oluegwuc\Videos\Recording_2026-02-21T10-04-12-966Z.mp4
[2026-02-21T10:05:50.225Z] [INFO] Recording tray created
[2026-02-21T10:06:12.569Z] [INFO] System tray created
[2026-02-21T10:06:19.688Z] [INFO] Recording saved to temp: C:\Users\oluegwuc\AppData\Local\Temp\temp_recording_1771668379677.webm, size: 10442201 bytes
[2026-02-21T10:06:19.759Z] [INFO] FFmpeg started: ffmpeg -i C:\Users\oluegwuc\AppData\Local\Temp\temp_recording_1771668379677.webm -y -c:v libx264 -crf 18 -preset slow -movflags +faststart -pix_fmt yuv420p -r 30 -c:a aac -b:a 128k -f mp4 C:\Users\oluegwuc\Desktop\Recording_2026-02-21T10-06-12-748Z.mp4
[2026-02-21T10:06:20.093Z] [INFO] FFmpeg progress: 0.07666666666666667% - 00:00:00.23
[2026-02-21T10:06:20.899Z] [INFO] FFmpeg progress: 0.6966666666666667% - 00:00:02.09
[2026-02-21T10:06:21.399Z] [INFO] FFmpeg progress: 0.7533333333333333% - 00:00:02.26
[2026-02-21T10:06:22.048Z] [INFO] FFmpeg progress: 0.83% - 00:00:02.49
[2026-02-21T10:06:22.578Z] [INFO] FFmpeg progress: 0.9733333333333334% - 00:00:02.92
[2026-02-21T10:06:23.065Z] [INFO] FFmpeg progress: 1.0499999999999998% - 00:00:03.15
[2026-02-21T10:06:23.699Z] [INFO] FFmpeg progress: 1.2566666666666666% - 00:00:03.77
[2026-02-21T10:06:24.224Z] [INFO] FFmpeg progress: 1.4700000000000002% - 00:00:04.41
[2026-02-21T10:06:24.790Z] [INFO] FFmpeg progress: 1.6766666666666665% - 00:00:05.03
[2026-02-21T10:06:25.337Z] [INFO] FFmpeg progress: 1.8333333333333333% - 00:00:05.50
[2026-02-21T10:06:25.844Z] [INFO] FFmpeg progress: 1.9766666666666666% - 00:00:05.93
[2026-02-21T10:06:26.359Z] [INFO] FFmpeg progress: 2.0966666666666667% - 00:00:06.29
[2026-02-21T10:06:26.928Z] [INFO] FFmpeg progress: 2.2533333333333334% - 00:00:06.76
[2026-02-21T10:06:27.471Z] [INFO] FFmpeg progress: 2.4166666666666665% - 00:00:07.25
[2026-02-21T10:06:27.975Z] [INFO] FFmpeg progress: 2.5733333333333333% - 00:00:07.72
[2026-02-21T10:06:28.515Z] [INFO] FFmpeg progress: 2.7700000000000005% - 00:00:08.31
[2026-02-21T10:06:29.026Z] [INFO] FFmpeg progress: 2.9133333333333336% - 00:00:08.74
[2026-02-21T10:06:29.648Z] [INFO] FFmpeg progress: 3.1566666666666667% - 00:00:09.47
[2026-02-21T10:06:30.195Z] [INFO] FFmpeg progress: 3.3333333333333335% - 00:00:10.00
[2026-02-21T10:06:31.010Z] [INFO] FFmpeg progress: 3.5533333333333332% - 00:00:10.66
[2026-02-21T10:06:31.574Z] [INFO] FFmpeg progress: 3.73% - 00:00:11.19
[2026-02-21T10:06:32.107Z] [INFO] FFmpeg progress: 3.8733333333333326% - 00:00:11.62
[2026-02-21T10:06:32.730Z] [INFO] FFmpeg progress: 4.1499999999999995% - 00:00:12.45
[2026-02-21T10:06:33.197Z] [INFO] FFmpeg progress: 4.313333333333333% - 00:00:12.94
[2026-02-21T10:06:33.767Z] [INFO] FFmpeg progress: 4.470000000000001% - 00:00:13.41
[2026-02-21T10:06:34.269Z] [INFO] FFmpeg progress: 4.656666666666666% - 00:00:13.97
[2026-02-21T10:06:34.778Z] [INFO] FFmpeg progress: 4.756666666666667% - 00:00:14.27
[2026-02-21T10:06:35.284Z] [INFO] FFmpeg progress: 4.976666666666667% - 00:00:14.93
[2026-02-21T10:06:35.796Z] [INFO] FFmpeg progress: 5.153333333333333% - 00:00:15.46
[2026-02-21T10:06:36.340Z] [INFO] FFmpeg progress: 5.416666666666667% - 00:00:16.25
[2026-02-21T10:06:36.860Z] [INFO] FFmpeg progress: 5.6499999999999995% - 00:00:16.95
[2026-02-21T10:06:37.386Z] [INFO] FFmpeg progress: 5.8500000000000005% - 00:00:17.55
[2026-02-21T10:06:37.926Z] [INFO] FFmpeg progress: 6.136666666666667% - 00:00:18.41
[2026-02-21T10:06:38.575Z] [INFO] FFmpeg progress: 6.29% - 00:00:18.87
[2026-02-21T10:06:39.131Z] [INFO] FFmpeg progress: 6.7333333333333325% - 00:00:20.20
[2026-02-21T10:06:39.698Z] [INFO] FFmpeg progress: 6.896666666666667% - 00:00:20.69
[2026-02-21T10:06:40.239Z] [INFO] FFmpeg progress: 7.216666666666666% - 00:00:21.65
[2026-02-21T10:06:41.580Z] [INFO] FFmpeg progress: 7.4366666666666665% - 00:00:22.31
[2026-02-21T10:06:41.676Z] [INFO] Conversion complete: C:\Users\oluegwuc\Desktop\Recording_2026-02-21T10-06-12-748Z.mp4
[2026-02-21T10:06:41.680Z] [INFO] Recording converted and saved: C:\Users\oluegwuc\Desktop\Recording_2026-02-21T10-06-12-748Z.mp4
[2026-02-21T10:06:55.397Z] [INFO] Application closing
[2026-02-21T10:22:49.521Z] [INFO] Logger initialized
[2026-02-21T10:22:49.526Z] [INFO] Application starting...
[2026-02-21T10:22:49.526Z] [INFO] Running in development mode
[2026-02-21T10:22:49.671Z] [INFO] System tray created
[2026-02-21T10:22:49.679Z] [INFO] Global shortcut registered: F9
[2026-02-21T10:22:50.142Z] [INFO] Main window ready
[2026-02-21T10:23:11.693Z] [INFO] Global shortcut registered: F9
[2026-02-21T10:23:19.440Z] [INFO] Recording tray created
[2026-02-21T10:24:02.611Z] [INFO] System tray created
[2026-02-21T10:24:08.438Z] [INFO] Recording saved to temp: C:\Users\oluegwuc\AppData\Local\Temp\temp_recording_1771669448379.webm, size: 22575257 bytes
[2026-02-21T10:24:08.844Z] [INFO] FFmpeg started: ffmpeg -i C:\Users\oluegwuc\AppData\Local\Temp\temp_recording_1771669448379.webm -y -c:v libx264 -crf 18 -preset slow -movflags +faststart -pix_fmt yuv420p -vsync cfr -force_key_frames expr:gte(t,n_forced*2) -r 24 -c:a aac -b:a 128k -f mp4 C:\Users\oluegwuc\Videos\Recording_2026-02-21T10-24-02-851Z.mp4
[2026-02-21T10:24:09.028Z] [INFO] FFmpeg progress: 0.11250000000000002% - 00:00:00.27
[2026-02-21T10:24:09.498Z] [INFO] FFmpeg progress: 0.8291666666666666% - 00:00:01.99
[2026-02-21T10:24:10.367Z] [INFO] FFmpeg progress: 1.1333333333333333% - 00:00:02.72
[2026-02-21T10:24:10.907Z] [INFO] FFmpeg progress: 1.3541666666666667% - 00:00:03.25
[2026-02-21T10:24:11.583Z] [INFO] FFmpeg progress: 1.5875% - 00:00:03.81
[2026-02-21T10:24:11.978Z] [INFO] FFmpeg progress: 1.8083333333333333% - 00:00:04.34
[2026-02-21T10:24:12.490Z] [INFO] FFmpeg progress: 1.9583333333333335% - 00:00:04.70
[2026-02-21T10:24:13.222Z] [INFO] FFmpeg progress: 2.183333333333333% - 00:00:05.24
[2026-02-21T10:24:13.792Z] [INFO] FFmpeg progress: 2.5125% - 00:00:06.03
[2026-02-21T10:24:14.702Z] [INFO] FFmpeg progress: 2.7875% - 00:00:06.69
[2026-02-21T10:24:15.221Z] [INFO] FFmpeg progress: 3.0083333333333333% - 00:00:07.22
[2026-02-21T10:24:15.830Z] [INFO] FFmpeg progress: 3.354166666666667% - 00:00:08.05
[2026-02-21T10:24:16.778Z] [INFO] FFmpeg progress: 3.6291666666666673% - 00:00:08.71
[2026-02-21T10:24:17.338Z] [INFO] FFmpeg progress: 3.879166666666667% - 00:00:09.31
[2026-02-21T10:24:18.075Z] [INFO] FFmpeg progress: 4.333333333333334% - 00:00:10.40
[2026-02-21T10:24:18.297Z] [INFO] FFmpeg progress: 4.4833333333333325% - 00:00:10.76
[2026-02-21T10:24:19.158Z] [INFO] FFmpeg progress: 4.529166666666666% - 00:00:10.87
[2026-02-21T10:24:19.803Z] [INFO] FFmpeg progress: 4.733333333333333% - 00:00:11.36
[2026-02-21T10:24:20.269Z] [INFO] FFmpeg progress: 4.883333333333333% - 00:00:11.72
[2026-02-21T10:24:20.885Z] [INFO] FFmpeg progress: 5.079166666666667% - 00:00:12.19
[2026-02-21T10:24:21.586Z] [INFO] FFmpeg progress: 5.283333333333333% - 00:00:12.68
[2026-02-21T10:24:22.105Z] [INFO] FFmpeg progress: 5.729166666666666% - 00:00:13.75
[2026-02-21T10:24:22.733Z] [INFO] FFmpeg progress: 6.154166666666667% - 00:00:14.77
[2026-02-21T10:24:23.979Z] [INFO] FFmpeg progress: 6.787499999999999% - 00:00:16.29
[2026-02-21T10:24:24.169Z] [INFO] FFmpeg progress: 6.883333333333333% - 00:00:16.52
[2026-02-21T10:24:24.687Z] [INFO] FFmpeg progress: 6.954166666666667% - 00:00:16.69
[2026-02-21T10:24:25.225Z] [INFO] FFmpeg progress: 7.283333333333333% - 00:00:17.48
[2026-02-21T10:24:25.793Z] [INFO] FFmpeg progress: 7.558333333333334% - 00:00:18.14
[2026-02-21T10:24:26.724Z] [INFO] FFmpeg progress: 7.783333333333334% - 00:00:18.68
[2026-02-21T10:24:27.262Z] [INFO] FFmpeg progress: 8.154166666666667% - 00:00:19.57
[2026-02-21T10:24:27.834Z] [INFO] FFmpeg progress: 8.404166666666667% - 00:00:20.17
[2026-02-21T10:24:28.609Z] [INFO] FFmpeg progress: 8.654166666666667% - 00:00:20.77
[2026-02-21T10:24:29.128Z] [INFO] FFmpeg progress: 8.954166666666666% - 00:00:21.49
[2026-02-21T10:24:29.705Z] [INFO] FFmpeg progress: 9.283333333333333% - 00:00:22.28
[2026-02-21T10:24:30.408Z] [INFO] FFmpeg progress: 9.454166666666667% - 00:00:22.69
[2026-02-21T10:24:30.959Z] [INFO] FFmpeg progress: 9.754166666666666% - 00:00:23.41
[2026-02-21T10:24:31.507Z] [INFO] FFmpeg progress: 10.129166666666665% - 00:00:24.31
[2026-02-21T10:24:32.383Z] [INFO] FFmpeg progress: 10.279166666666667% - 00:00:24.67
[2026-02-21T10:24:32.876Z] [INFO] FFmpeg progress: 10.583333333333332% - 00:00:25.40
[2026-02-21T10:24:33.430Z] [INFO] FFmpeg progress: 11.033333333333333% - 00:00:26.48
[2026-02-21T10:24:34.156Z] [INFO] FFmpeg progress: 11.133333333333333% - 00:00:26.72
[2026-02-21T10:24:34.709Z] [INFO] FFmpeg progress: 11.454166666666667% - 00:00:27.49
[2026-02-21T10:24:35.251Z] [INFO] FFmpeg progress: 11.783333333333333% - 00:00:28.28
[2026-02-21T10:24:35.927Z] [INFO] FFmpeg progress: 11.933333333333334% - 00:00:28.64
[2026-02-21T10:24:36.461Z] [INFO] FFmpeg progress: 12.279166666666667% - 00:00:29.47
[2026-02-21T10:24:36.974Z] [INFO] FFmpeg progress: 12.654166666666667% - 00:00:30.37
[2026-02-21T10:24:37.579Z] [INFO] FFmpeg progress: 12.829166666666666% - 00:00:30.79
[2026-02-21T10:24:38.081Z] [INFO] FFmpeg progress: 13.104166666666666% - 00:00:31.45
[2026-02-21T10:24:38.627Z] [INFO] FFmpeg progress: 13.408333333333333% - 00:00:32.18
[2026-02-21T10:24:39.368Z] [INFO] FFmpeg progress: 13.629166666666666% - 00:00:32.71
[2026-02-21T10:24:39.921Z] [INFO] FFmpeg progress: 13.9875% - 00:00:33.57
[2026-02-21T10:24:40.409Z] [INFO] FFmpeg progress: 14.358333333333334% - 00:00:34.46
[2026-02-21T10:24:41.056Z] [INFO] FFmpeg progress: 14.458333333333334% - 00:00:34.70
[2026-02-21T10:24:41.572Z] [INFO] FFmpeg progress: 14.829166666666667% - 00:00:35.59
[2026-02-21T10:24:42.113Z] [INFO] FFmpeg progress: 15.158333333333335% - 00:00:36.38
[2026-02-21T10:24:42.765Z] [INFO] FFmpeg progress: 15.329166666666666% - 00:00:36.79
[2026-02-21T10:24:43.297Z] [INFO] FFmpeg progress: 15.658333333333333% - 00:00:37.58
[2026-02-21T10:24:43.813Z] [INFO] FFmpeg progress: 15.987499999999999% - 00:00:38.37
[2026-02-21T10:24:44.498Z] [INFO] FFmpeg progress: 16.129166666666666% - 00:00:38.71
[2026-02-21T10:24:45.048Z] [INFO] FFmpeg progress: 16.512500000000003% - 00:00:39.63
[2026-02-21T10:24:45.565Z] [INFO] FFmpeg progress: 16.829166666666666% - 00:00:40.39
[2026-02-21T10:24:46.074Z] [INFO] FFmpeg progress: 16.929166666666667% - 00:00:40.63
[2026-02-21T10:24:46.643Z] [INFO] FFmpeg progress: 17.033333333333335% - 00:00:40.88
[2026-02-21T10:24:47.163Z] [INFO] FFmpeg progress: 17.32916666666667% - 00:00:41.59
[2026-02-21T10:24:48.061Z] [INFO] FFmpeg progress: 17.729166666666664% - 00:00:42.55
[2026-02-21T10:24:49.940Z] [INFO] FFmpeg progress: 17.9875% - 00:00:43.17
[2026-02-21T10:24:50.063Z] [INFO] Conversion complete: C:\Users\oluegwuc\Videos\Recording_2026-02-21T10-24-02-851Z.mp4
[2026-02-21T10:24:50.071Z] [INFO] Recording converted and saved: C:\Users\oluegwuc\Videos\Recording_2026-02-21T10-24-02-851Z.mp4
[2026-02-21T10:25:49.828Z] [INFO] Recording tray created
[2026-02-21T10:26:31.923Z] [INFO] Stop recording triggered via global shortcut
[2026-02-21T10:26:31.973Z] [INFO] System tray created
[2026-02-21T10:27:13.001Z] [INFO] Recording saved to temp: C:\Users\oluegwuc\AppData\Local\Temp\temp_recording_1771669632975.webm, size: 18542857 bytes
[2026-02-21T10:27:13.063Z] [INFO] FFmpeg started: ffmpeg -i C:\Users\oluegwuc\AppData\Local\Temp\temp_recording_1771669632975.webm -y -c:v libx264 -crf 18 -preset slow -movflags +faststart -pix_fmt yuv420p -vsync cfr -force_key_frames expr:gte(t,n_forced*2) -r 24 -c:a aac -b:a 128k -f mp4 C:\Users\oluegwuc\Desktop\Recording_2026-02-21T10-26-32-165Z.mp4
[2026-02-21T10:27:13.227Z] [INFO] FFmpeg progress: 0.12083333333333332% - 00:00:00.29
[2026-02-21T10:27:13.813Z] [INFO] FFmpeg progress: 1% - 00:00:02.40
[2026-02-21T10:27:14.458Z] [INFO] FFmpeg progress: 1.070833333333333% - 00:00:02.57
[2026-02-21T10:27:14.973Z] [INFO] FFmpeg progress: 1.2750000000000001% - 00:00:03.06
[2026-02-21T10:27:15.472Z] [INFO] FFmpeg progress: 1.4708333333333332% - 00:00:03.53
[2026-02-21T10:27:16.282Z] [INFO] FFmpeg progress: 1.625% - 00:00:03.90
[2026-02-21T10:27:16.891Z] [INFO] FFmpeg progress: 1.8291666666666664% - 00:00:04.39
[2026-02-21T10:27:17.397Z] [INFO] FFmpeg progress: 1.925% - 00:00:04.62
[2026-02-21T10:27:17.967Z] [INFO] FFmpeg progress: 2.2458333333333336% - 00:00:05.39
[2026-02-21T10:27:18.439Z] [INFO] FFmpeg progress: 2.6291666666666664% - 00:00:06.31
[2026-02-21T10:27:19.287Z] [INFO] FFmpeg progress: 2.825% - 00:00:06.78
[2026-02-21T10:27:19.860Z] [INFO] FFmpeg progress: 3.179166666666667% - 00:00:07.63
[2026-02-21T10:27:20.441Z] [INFO] FFmpeg progress: 3.4458333333333333% - 00:00:08.27
[2026-02-21T10:27:21.298Z] [INFO] FFmpeg progress: 3.675% - 00:00:08.82
[2026-02-21T10:27:21.832Z] [INFO] FFmpeg progress: 3.979166666666667% - 00:00:09.55
[2026-02-21T10:27:22.419Z] [INFO] FFmpeg progress: 4.300000000000001% - 00:00:10.32
[2026-02-21T10:27:23.199Z] [INFO] FFmpeg progress: 4.425% - 00:00:10.62
[2026-02-21T10:27:23.528Z] [INFO] FFmpeg progress: 4.575% - 00:00:10.98
[2026-02-21T10:27:24.073Z] [INFO] FFmpeg progress: 4.874999999999999% - 00:00:11.70
[2026-02-21T10:27:24.595Z] [INFO] FFmpeg progress: 5.125% - 00:00:12.30
[2026-02-21T10:27:25.466Z] [INFO] FFmpeg progress: 5.35% - 00:00:12.84
[2026-02-21T10:27:26.069Z] [INFO] FFmpeg progress: 5.625% - 00:00:13.50
[2026-02-21T10:27:26.629Z] [INFO] FFmpeg progress: 5.995833333333334% - 00:00:14.39
[2026-02-21T10:27:27.388Z] [INFO] FFmpeg progress: 6.15% - 00:00:14.76
[2026-02-21T10:27:27.934Z] [INFO] FFmpeg progress: 6.4750000000000005% - 00:00:15.54
[2026-02-21T10:27:28.460Z] [INFO] FFmpeg progress: 6.754166666666666% - 00:00:16.21
[2026-02-21T10:27:29.462Z] [INFO] FFmpeg progress: 7.000000000000001% - 00:00:16.80
[2026-02-21T10:27:30.253Z] [INFO] FFmpeg progress: 7.304166666666667% - 00:00:17.53
[2026-02-21T10:27:30.827Z] [INFO] FFmpeg progress: 7.554166666666666% - 00:00:18.13
[2026-02-21T10:27:31.262Z] [INFO] FFmpeg progress: 7.75% - 00:00:18.60
[2026-02-21T10:27:31.888Z] [INFO] FFmpeg progress: 7.8% - 00:00:18.72
[2026-02-21T10:27:32.432Z] [INFO] FFmpeg progress: 8.05% - 00:00:19.32
[2026-02-21T10:27:33.007Z] [INFO] FFmpeg progress: 8.450000000000001% - 00:00:20.28
[2026-02-21T10:27:33.915Z] [INFO] FFmpeg progress: 8.629166666666666% - 00:00:20.71
[2026-02-21T10:27:34.449Z] [INFO] FFmpeg progress: 8.95% - 00:00:21.48
[2026-02-21T10:27:34.996Z] [INFO] FFmpeg progress: 9.154166666666667% - 00:00:21.97
[2026-02-21T10:27:36.015Z] [INFO] FFmpeg progress: 9.429166666666667% - 00:00:22.63
[2026-02-21T10:27:36.047Z] [INFO] FFmpeg progress: 9.5% - 00:00:22.80
[2026-02-21T10:27:36.555Z] [INFO] FFmpeg progress: 9.829166666666666% - 00:00:23.59
[2026-02-21T10:27:37.068Z] [INFO] FFmpeg progress: 10.05% - 00:00:24.12
[2026-02-21T10:27:37.984Z] [INFO] FFmpeg progress: 10.299999999999999% - 00:00:24.72
[2026-02-21T10:27:38.518Z] [INFO] FFmpeg progress: 10.575% - 00:00:25.38
[2026-02-21T10:27:39.009Z] [INFO] FFmpeg progress: 10.875% - 00:00:26.10
[2026-02-21T10:27:39.948Z] [INFO] FFmpeg progress: 11.195833333333335% - 00:00:26.87
[2026-02-21T10:27:40.557Z] [INFO] FFmpeg progress: 11.4% - 00:00:27.36
[2026-02-21T10:27:41.026Z] [INFO] FFmpeg progress: 11.704166666666667% - 00:00:28.09
[2026-02-21T10:27:41.551Z] [INFO] FFmpeg progress: 11.954166666666667% - 00:00:28.69
[2026-02-21T10:27:42.103Z] [INFO] FFmpeg progress: 11.995833333333334% - 00:00:28.79
[2026-02-21T10:27:42.609Z] [INFO] FFmpeg progress: 12.200000000000001% - 00:00:29.28
[2026-02-21T10:27:43.142Z] [INFO] FFmpeg progress: 12.475% - 00:00:29.94
[2026-02-21T10:27:43.643Z] [INFO] FFmpeg progress: 12.754166666666666% - 00:00:30.61
[2026-02-21T10:27:44.227Z] [INFO] FFmpeg progress: 12.825000000000001% - 00:00:30.78
[2026-02-21T10:27:44.754Z] [INFO] FFmpeg progress: 13.100000000000001% - 00:00:31.44
[2026-02-21T10:27:45.258Z] [INFO] FFmpeg progress: 13.429166666666664% - 00:00:32.23
[2026-02-21T10:27:46.102Z] [INFO] FFmpeg progress: 13.675% - 00:00:32.82
[2026-02-21T10:27:46.684Z] [INFO] FFmpeg progress: 13.995833333333335% - 00:00:33.59
[2026-02-21T10:27:47.143Z] [INFO] FFmpeg progress: 14.325000000000001% - 00:00:34.38
[2026-02-21T10:27:47.984Z] [INFO] FFmpeg progress: 14.475000000000001% - 00:00:34.74
[2026-02-21T10:27:48.545Z] [INFO] FFmpeg progress: 14.875000000000002% - 00:00:35.70
[2026-02-21T10:27:49.017Z] [INFO] FFmpeg progress: 15.225% - 00:00:36.54
[2026-02-21T10:27:49.659Z] [INFO] FFmpeg progress: 15.304166666666665% - 00:00:36.73
[2026-02-21T10:27:50.179Z] [INFO] FFmpeg progress: 15.470833333333333% - 00:00:37.13
[2026-02-21T10:27:50.746Z] [INFO] FFmpeg progress: 15.675% - 00:00:37.62
[2026-02-21T10:27:51.280Z] [INFO] FFmpeg progress: 15.954166666666666% - 00:00:38.29
[2026-02-21T10:27:52.094Z] [INFO] FFmpeg progress: 16.12083333333333% - 00:00:38.69
[2026-02-21T10:27:52.622Z] [INFO] FFmpeg progress: 16.354166666666668% - 00:00:39.25
[2026-02-21T10:27:53.138Z] [INFO] FFmpeg progress: 16.725% - 00:00:40.14
[2026-02-21T10:27:54.084Z] [INFO] FFmpeg progress: 17% - 00:00:40.80
[2026-02-21T10:27:54.685Z] [INFO] FFmpeg progress: 17.320833333333333% - 00:00:41.57
[2026-02-21T10:27:55.201Z] [INFO] FFmpeg progress: 17.508333333333333% - 00:00:42.02
[2026-02-21T10:27:57.195Z] [INFO] FFmpeg progress: 17.525000000000002% - 00:00:42.06
[2026-02-21T10:27:57.315Z] [INFO] Conversion complete: C:\Users\oluegwuc\Desktop\Recording_2026-02-21T10-26-32-165Z.mp4
[2026-02-21T10:27:57.321Z] [INFO] Recording converted and saved: C:\Users\oluegwuc\Desktop\Recording_2026-02-21T10-26-32-165Z.mp4
[2026-02-21T10:33:21.675Z] [INFO] Application closing
[2026-02-21T10:33:55.653Z] [INFO] Logger initialized
[2026-02-21T10:33:55.657Z] [INFO] Application starting...
[2026-02-21T10:33:55.657Z] [INFO] Running in development mode
[2026-02-21T10:33:55.799Z] [INFO] System tray created
[2026-02-21T10:33:55.804Z] [INFO] Global shortcut registered: F9
[2026-02-21T10:33:56.741Z] [INFO] Main window ready
[2026-02-21T10:37:17.636Z] [INFO] Logger initialized
[2026-02-21T10:37:17.639Z] [INFO] Application starting...
[2026-02-21T10:37:17.639Z] [INFO] Running in development mode
[2026-02-21T10:37:17.824Z] [INFO] System tray created
[2026-02-21T10:37:17.824Z] [INFO] Global shortcut registered: F9
[2026-02-21T10:37:20.934Z] [INFO] Main window ready
[2026-02-21T10:37:34.689Z] [INFO] Application closing
[2026-02-21T10:38:32.494Z] [INFO] Recording tray created
[2026-02-21T10:39:10.593Z] [INFO] System tray created
[2026-02-21T10:39:30.768Z] [INFO] Recording saved to temp: C:\Users\oluegwuc\AppData\Local\Temp\temp_recording_1771670370706.webm, size: 24191077 bytes
[2026-02-21T10:39:31.141Z] [INFO] FFmpeg started: ffmpeg -i C:\Users\oluegwuc\AppData\Local\Temp\temp_recording_1771670370706.webm -y -c:v libx264 -crf 18 -preset slow -movflags +faststart -pix_fmt yuv420p -vsync cfr -force_key_frames expr:gte(t,n_forced*2) -r 24 -c:a aac -b:a 128k -f mp4 C:\Users\oluegwuc\Desktop\Recording_2026-02-21T10-04-12-966Z.mp4
[2026-02-21T10:39:31.317Z] [INFO] FFmpeg progress: 0.125% - 00:00:00.30
[2026-02-21T10:39:31.789Z] [INFO] FFmpeg progress: 0.8% - 00:00:01.92
[2026-02-21T10:39:32.289Z] [INFO] FFmpeg progress: 1.0333333333333332% - 00:00:02.48
[2026-02-21T10:39:32.793Z] [INFO] FFmpeg progress: 1.1041666666666667% - 00:00:02.65
[2026-02-21T10:39:33.438Z] [INFO] FFmpeg progress: 1.3083333333333333% - 00:00:03.14
[2026-02-21T10:39:33.956Z] [INFO] FFmpeg progress: 1.475% - 00:00:03.54
[2026-02-21T10:39:34.512Z] [INFO] FFmpeg progress: 1.583333333333333% - 00:00:03.80
[2026-02-21T10:39:35.015Z] [INFO] FFmpeg progress: 1.7249999999999999% - 00:00:04.14
[2026-02-21T10:39:35.533Z] [INFO] FFmpeg progress: 1.8333333333333333% - 00:00:04.40
[2026-02-21T10:39:36.126Z] [INFO] FFmpeg progress: 1.9291666666666665% - 00:00:04.63
[2026-02-21T10:39:36.672Z] [INFO] FFmpeg progress: 2.1791666666666667% - 00:00:05.23
[2026-02-21T10:39:37.170Z] [INFO] FFmpeg progress: 2.4% - 00:00:05.76
[2026-02-21T10:39:37.735Z] [INFO] FFmpeg progress: 2.675% - 00:00:06.42
[2026-02-21T10:39:38.396Z] [INFO] FFmpeg progress: 2.8541666666666665% - 00:00:06.85
[2026-02-21T10:39:38.934Z] [INFO] FFmpeg progress: 3.0500000000000003% - 00:00:07.32
[2026-02-21T10:39:39.519Z] [INFO] FFmpeg progress: 3.2541666666666664% - 00:00:07.81
[2026-02-21T10:39:40.126Z] [INFO] FFmpeg progress: 3.4333333333333336% - 00:00:08.24
[2026-02-21T10:39:40.882Z] [INFO] FFmpeg progress: 3.7249999999999996% - 00:00:08.94
[2026-02-21T10:39:41.465Z] [INFO] FFmpeg progress: 3.9291666666666663% - 00:00:09.43
[2026-02-21T10:39:41.980Z] [INFO] FFmpeg progress: 4.25% - 00:00:10.20
[2026-02-21T10:39:42.769Z] [INFO] FFmpeg progress: 4.508333333333334% - 00:00:10.82
[2026-02-21T10:39:43.296Z] [INFO] FFmpeg progress: 4.704166666666667% - 00:00:11.29
[2026-02-21T10:39:43.804Z] [INFO] FFmpeg progress: 4.879166666666667% - 00:00:11.71
[2026-02-21T10:39:44.330Z] [INFO] FFmpeg progress: 5.158333333333333% - 00:00:12.38
[2026-02-21T10:39:45.196Z] [INFO] FFmpeg progress: 5.308333333333334% - 00:00:12.74
[2026-02-21T10:39:45.812Z] [INFO] FFmpeg progress: 5.583333333333333% - 00:00:13.40
[2026-02-21T10:39:46.347Z] [INFO] FFmpeg progress: 5.804166666666666% - 00:00:13.93
[2026-02-21T10:39:46.952Z] [INFO] FFmpeg progress: 5.929166666666666% - 00:00:14.23
[2026-02-21T10:39:47.747Z] [INFO] FFmpeg progress: 6.125% - 00:00:14.70
[2026-02-21T10:39:48.263Z] [INFO] FFmpeg progress: 6.4% - 00:00:15.36
[2026-02-21T10:39:48.865Z] [INFO] FFmpeg progress: 6.675000000000001% - 00:00:16.02
[2026-02-21T10:39:49.713Z] [INFO] FFmpeg progress: 7.0041666666666655% - 00:00:16.81
[2026-02-21T10:39:50.270Z] [INFO] FFmpeg progress: 7.308333333333334% - 00:00:17.54
[2026-02-21T10:39:50.778Z] [INFO] FFmpeg progress: 7.475000000000001% - 00:00:17.94
[2026-02-21T10:39:51.304Z] [INFO] FFmpeg progress: 7.654166666666668% - 00:00:18.37
[2026-02-21T10:39:51.999Z] [INFO] FFmpeg progress: 7.85% - 00:00:18.84
[2026-02-21T10:39:52.539Z] [INFO] FFmpeg progress: 8.029166666666667% - 00:00:19.27
[2026-02-21T10:39:53.103Z] [INFO] FFmpeg progress: 8.358333333333333% - 00:00:20.06
[2026-02-21T10:39:53.606Z] [INFO] FFmpeg progress: 8.579166666666667% - 00:00:20.59
[2026-02-21T10:39:54.193Z] [INFO] FFmpeg progress: 8.675% - 00:00:20.82
[2026-02-21T10:39:54.702Z] [INFO] FFmpeg progress: 8.925% - 00:00:21.42
[2026-02-21T10:39:55.271Z] [INFO] FFmpeg progress: 9.104166666666668% - 00:00:21.85
[2026-02-21T10:39:55.781Z] [INFO] FFmpeg progress: 9.279166666666667% - 00:00:22.27
[2026-02-21T10:39:56.501Z] [INFO] FFmpeg progress: 9.504166666666666% - 00:00:22.81
[2026-02-21T10:39:57.103Z] [INFO] FFmpeg progress: 9.679166666666667% - 00:00:23.23
[2026-02-21T10:39:57.599Z] [INFO] FFmpeg progress: 10% - 00:00:24.00
[2026-02-21T10:39:58.558Z] [INFO] FFmpeg progress: 10.329166666666666% - 00:00:24.79
[2026-02-21T10:39:59.113Z] [INFO] FFmpeg progress: 10.604166666666666% - 00:00:25.45
[2026-02-21T10:39:59.638Z] [INFO] FFmpeg progress: 10.925% - 00:00:26.22
[2026-02-21T10:40:00.505Z] [INFO] FFmpeg progress: 11.129166666666666% - 00:00:26.71
[2026-02-21T10:40:01.243Z] [INFO] FFmpeg progress: 11.558333333333334% - 00:00:27.74
[2026-02-21T10:40:01.696Z] [INFO] FFmpeg progress: 11.804166666666665% - 00:00:28.33
[2026-02-21T10:40:02.546Z] [INFO] FFmpeg progress: 11.983333333333333% - 00:00:28.76
[2026-02-21T10:40:03.251Z] [INFO] FFmpeg progress: 12.55% - 00:00:30.12
[2026-02-21T10:40:04.228Z] [INFO] FFmpeg progress: 12.879166666666666% - 00:00:30.91
[2026-02-21T10:40:04.731Z] [INFO] FFmpeg progress: 13.033333333333333% - 00:00:31.28
[2026-02-21T10:40:05.237Z] [INFO] FFmpeg progress: 13.679166666666667% - 00:00:32.83
[2026-02-21T10:40:05.789Z] [INFO] FFmpeg progress: 14.000000000000002% - 00:00:33.60
[2026-02-21T10:40:06.382Z] [INFO] FFmpeg progress: 14.479166666666668% - 00:00:34.75
[2026-02-21T10:40:07.305Z] [INFO] FFmpeg progress: 14.829166666666667% - 00:00:35.59
[2026-02-21T10:40:07.822Z] [INFO] FFmpeg progress: 15.004166666666666% - 00:00:36.01
[2026-02-21T10:40:08.409Z] [INFO] FFmpeg progress: 15.229166666666666% - 00:00:36.55
[2026-02-21T10:40:09.069Z] [INFO] FFmpeg progress: 15.308333333333335% - 00:00:36.74
[2026-02-21T10:40:09.586Z] [INFO] FFmpeg progress: 15.6% - 00:00:37.44
[2026-02-21T10:40:11.826Z] [INFO] FFmpeg progress: 15.858333333333336% - 00:00:38.06
[2026-02-21T10:40:11.950Z] [INFO] Conversion complete: C:\Users\oluegwuc\Desktop\Recording_2026-02-21T10-04-12-966Z.mp4
[2026-02-21T10:40:11.958Z] [INFO] Recording converted and saved: C:\Users\oluegwuc\Desktop\Recording_2026-02-21T10-04-12-966Z.mp4
[2026-02-21T10:44:12.669Z] [INFO] Global shortcut registered: F9
[2026-02-21T10:47:49.992Z] [INFO] Logger initialized
[2026-02-21T10:47:49.995Z] [INFO] Application starting...
[2026-02-21T10:47:49.995Z] [INFO] Running in development mode
[2026-02-21T10:47:50.140Z] [INFO] System tray created
[2026-02-21T10:47:50.140Z] [INFO] Global shortcut registered: F9
[2026-02-21T10:47:51.130Z] [INFO] Main window ready
[2026-02-21T10:54:31.984Z] [INFO] Application closing
[2026-02-21T10:54:43.500Z] [INFO] Logger initialized
[2026-02-21T10:54:43.504Z] [INFO] Application starting...
[2026-02-21T10:54:43.504Z] [INFO] Running in development mode
[2026-02-21T10:54:43.669Z] [INFO] System tray created
[2026-02-21T10:54:43.680Z] [INFO] Global shortcut registered: F9
[2026-02-21T10:54:44.552Z] [INFO] Main window ready
[2026-02-21T10:55:41.084Z] [INFO] Recording tray created
[2026-02-21T10:56:51.567Z] [INFO] Stop recording triggered via global shortcut
[2026-02-21T10:56:51.611Z] [INFO] System tray created
[2026-02-21T10:57:01.571Z] [INFO] Recording saved to temp: C:\Users\oluegwuc\AppData\Local\Temp\temp_recording_1771671421557.webm, size: 13154001 bytes
[2026-02-21T10:57:01.917Z] [INFO] FFmpeg started: ffmpeg -i C:\Users\oluegwuc\AppData\Local\Temp\temp_recording_1771671421557.webm -y -c:v libx264 -crf 18 -preset slow -movflags +faststart -pix_fmt yuv420p -vsync cfr -force_key_frames expr:gte(t,n_forced*2) -r 24 -c:a aac -b:a 128k -f mp4 C:\Users\oluegwuc\Videos\Recording_2026-02-21T10-56-51-784Z.mp4
[2026-02-21T10:57:02.071Z] [INFO] FFmpeg progress: 0.10833333333333332% - 00:00:00.26
[2026-02-21T10:57:02.544Z] [INFO] FFmpeg progress: 0.9083333333333334% - 00:00:02.18
[2026-02-21T10:57:03.266Z] [INFO] FFmpeg progress: 1.0791666666666666% - 00:00:02.59
[2026-02-21T10:57:03.761Z] [INFO] FFmpeg progress: 1.3791666666666667% - 00:00:03.31
[2026-02-21T10:57:04.302Z] [INFO] FFmpeg progress: 1.5583333333333333% - 00:00:03.74
[2026-02-21T10:57:04.813Z] [INFO] FFmpeg progress: 1.8333333333333333% - 00:00:04.40
[2026-02-21T10:57:05.351Z] [INFO] FFmpeg progress: 2.0041666666666664% - 00:00:04.81
[2026-02-21T10:57:05.853Z] [INFO] FFmpeg progress: 2.4583333333333335% - 00:00:05.90
[2026-02-21T10:57:06.616Z] [INFO] FFmpeg progress: 2.7583333333333333% - 00:00:06.62
[2026-02-21T10:57:07.162Z] [INFO] FFmpeg progress: 3.2583333333333333% - 00:00:07.82
[2026-02-21T10:57:07.826Z] [INFO] FFmpeg progress: 3.6041666666666665% - 00:00:08.65
[2026-02-21T10:57:08.328Z] [INFO] FFmpeg progress: 4.029166666666666% - 00:00:09.67
[2026-02-21T10:57:09.115Z] [INFO] FFmpeg progress: 4.429166666666666% - 00:00:10.63
[2026-02-21T10:57:09.652Z] [INFO] FFmpeg progress: 4.979166666666666% - 00:00:11.95
[2026-02-21T10:57:10.250Z] [INFO] FFmpeg progress: 5.283333333333333% - 00:00:12.68
[2026-02-21T10:57:10.755Z] [INFO] FFmpeg progress: 5.779166666666667% - 00:00:13.87
[2026-02-21T10:57:11.534Z] [INFO] FFmpeg progress: 6.108333333333333% - 00:00:14.66
[2026-02-21T10:57:12.043Z] [INFO] FFmpeg progress: 6.508333333333333% - 00:00:15.62
[2026-02-21T10:57:12.541Z] [INFO] FFmpeg progress: 6.858333333333334% - 00:00:16.46
[2026-02-21T10:57:13.112Z] [INFO] FFmpeg progress: 7.033333333333333% - 00:00:16.88
[2026-02-21T10:57:13.644Z] [INFO] FFmpeg progress: 7.533333333333332% - 00:00:18.08
[2026-02-21T10:57:14.230Z] [INFO] FFmpeg progress: 7.754166666666666% - 00:00:18.61
[2026-02-21T10:57:14.742Z] [INFO] FFmpeg progress: 8.208333333333332% - 00:00:19.70
[2026-02-21T10:57:15.247Z] [INFO] FFmpeg progress: 8.554166666666667% - 00:00:20.53
[2026-02-21T10:57:15.785Z] [INFO] FFmpeg progress: 8.704166666666667% - 00:00:20.89
[2026-02-21T10:57:16.318Z] [INFO] FFmpeg progress: 9.158333333333333% - 00:00:21.98
[2026-02-21T10:57:16.943Z] [INFO] FFmpeg progress: 9.433333333333334% - 00:00:22.64
[2026-02-21T10:57:17.454Z] [INFO] FFmpeg progress: 9.904166666666667% - 00:00:23.77
[2026-02-21T10:57:18.257Z] [INFO] FFmpeg progress: 10.279166666666667% - 00:00:24.67
[2026-02-21T10:57:18.775Z] [INFO] FFmpeg progress: 10.733333333333334% - 00:00:25.76
[2026-02-21T10:57:19.510Z] [INFO] FFmpeg progress: 11.104166666666666% - 00:00:26.65
[2026-02-21T10:57:20.016Z] [INFO] FFmpeg progress: 11.558333333333334% - 00:00:27.74
[2026-02-21T10:57:20.853Z] [INFO] FFmpeg progress: 11.933333333333334% - 00:00:28.64
[2026-02-21T10:57:21.418Z] [INFO] FFmpeg progress: 12.279166666666667% - 00:00:29.47
[2026-02-21T10:57:21.979Z] [INFO] FFmpeg progress: 12.679166666666667% - 00:00:30.43
[2026-02-21T10:57:22.517Z] [INFO] FFmpeg progress: 12.787500000000001% - 00:00:30.69
[2026-02-21T10:57:23.066Z] [INFO] FFmpeg progress: 13.133333333333333% - 00:00:31.52
[2026-02-21T10:57:23.569Z] [INFO] FFmpeg progress: 13.558333333333334% - 00:00:32.54
[2026-02-21T10:57:24.115Z] [INFO] FFmpeg progress: 13.708333333333334% - 00:00:32.90
[2026-02-21T10:57:24.617Z] [INFO] FFmpeg progress: 14.154166666666665% - 00:00:33.97
[2026-02-21T10:57:25.292Z] [INFO] FFmpeg progress: 14.429166666666667% - 00:00:34.63
[2026-02-21T10:57:25.821Z] [INFO] FFmpeg progress: 14.829166666666667% - 00:00:35.59
[2026-02-21T10:57:26.638Z] [INFO] FFmpeg progress: 15.258333333333333% - 00:00:36.62
[2026-02-21T10:57:27.133Z] [INFO] FFmpeg progress: 15.729166666666666% - 00:00:37.75
[2026-02-21T10:57:27.950Z] [INFO] FFmpeg progress: 16.108333333333334% - 00:00:38.66
[2026-02-21T10:57:28.466Z] [INFO] FFmpeg progress: 16.52916666666667% - 00:00:39.67
[2026-02-21T10:57:29.279Z] [INFO] FFmpeg progress: 16.929166666666667% - 00:00:40.63
[2026-02-21T10:57:29.781Z] [INFO] FFmpeg progress: 17.408333333333335% - 00:00:41.78
[2026-02-21T10:57:30.553Z] [INFO] FFmpeg progress: 17.754166666666666% - 00:00:42.61
[2026-02-21T10:57:31.051Z] [INFO] FFmpeg progress: 18.208333333333336% - 00:00:43.70
[2026-02-21T10:57:31.823Z] [INFO] FFmpeg progress: 18.57916666666667% - 00:00:44.59
[2026-02-21T10:57:32.314Z] [INFO] FFmpeg progress: 19.054166666666667% - 00:00:45.73
[2026-02-21T10:57:33.127Z] [INFO] FFmpeg progress: 19.433333333333334% - 00:00:46.64
[2026-02-21T10:57:33.727Z] [INFO] FFmpeg progress: 19.854166666666668% - 00:00:47.65
[2026-02-21T10:57:34.202Z] [INFO] FFmpeg progress: 20.083333333333332% - 00:00:48.20
[2026-02-21T10:57:34.786Z] [INFO] FFmpeg progress: 20.27916666666667% - 00:00:48.67
[2026-02-21T10:57:35.335Z] [INFO] FFmpeg progress: 20.633333333333333% - 00:00:49.52
[2026-02-21T10:57:35.831Z] [INFO] FFmpeg progress: 21.008333333333333% - 00:00:50.42
[2026-02-21T10:57:36.342Z] [INFO] FFmpeg progress: 21.07916666666667% - 00:00:50.59
[2026-02-21T10:57:36.845Z] [INFO] FFmpeg progress: 21.433333333333334% - 00:00:51.44
[2026-02-21T10:57:37.350Z] [INFO] FFmpeg progress: 21.808333333333334% - 00:00:52.34
[2026-02-21T10:57:38.011Z] [INFO] FFmpeg progress: 21.933333333333334% - 00:00:52.64
[2026-02-21T10:57:38.555Z] [INFO] FFmpeg progress: 22.358333333333334% - 00:00:53.66
[2026-02-21T10:57:39.502Z] [INFO] FFmpeg progress: 22.78333333333333% - 00:00:54.68
[2026-02-21T10:57:40.060Z] [INFO] FFmpeg progress: 23.158333333333335% - 00:00:55.58
[2026-02-21T10:57:40.993Z] [INFO] FFmpeg progress: 23.604166666666664% - 00:00:56.65
[2026-02-21T10:57:41.501Z] [INFO] FFmpeg progress: 23.983333333333334% - 00:00:57.56
[2026-02-21T10:57:42.381Z] [INFO] FFmpeg progress: 24.429166666666667% - 00:00:58.63
[2026-02-21T10:57:42.958Z] [INFO] FFmpeg progress: 24.85833333333333% - 00:00:59.66
[2026-02-21T10:57:43.712Z] [INFO] FFmpeg progress: 25.258333333333333% - 00:01:00.62
[2026-02-21T10:57:44.230Z] [INFO] FFmpeg progress: 25.708333333333332% - 00:01:01.70
[2026-02-21T10:57:44.983Z] [INFO] FFmpeg progress: 26.129166666666663% - 00:01:02.71
[2026-02-21T10:57:45.489Z] [INFO] FFmpeg progress: 26.579166666666666% - 00:01:03.79
[2026-02-21T10:57:46.297Z] [INFO] FFmpeg progress: 26.908333333333335% - 00:01:04.58
[2026-02-21T10:57:46.799Z] [INFO] FFmpeg progress: 27.408333333333335% - 00:01:05.78
[2026-02-21T10:57:47.537Z] [INFO] FFmpeg progress: 27.80833333333333% - 00:01:06.74
[2026-02-21T10:57:48.104Z] [INFO] FFmpeg progress: 28.279166666666665% - 00:01:07.87
[2026-02-21T10:57:48.813Z] [INFO] FFmpeg progress: 28.633333333333333% - 00:01:08.72
[2026-02-21T10:57:49.319Z] [INFO] FFmpeg progress: 29.104166666666664% - 00:01:09.85
[2026-02-21T10:57:51.149Z] [INFO] FFmpeg progress: 29.379166666666666% - 00:01:10.51
[2026-02-21T10:57:51.275Z] [INFO] Conversion complete: C:\Users\oluegwuc\Videos\Recording_2026-02-21T10-56-51-784Z.mp4
[2026-02-21T10:57:51.279Z] [INFO] Recording converted and saved: C:\Users\oluegwuc\Videos\Recording_2026-02-21T10-56-51-784Z.mp4
[2026-02-21T11:02:38.555Z] [INFO] Application closing
[2026-02-21T11:02:45.929Z] [INFO] Logger initialized
[2026-02-21T11:02:45.933Z] [INFO] Application starting...
[2026-02-21T11:02:45.934Z] [INFO] Running in development mode
[2026-02-21T11:02:46.084Z] [INFO] System tray created
[2026-02-21T11:02:46.089Z] [INFO] Global shortcut registered: F9
[2026-02-21T11:02:46.948Z] [INFO] Main window ready
[2026-02-21T11:03:11.673Z] [INFO] Recording tray created
[2026-02-21T11:04:11.829Z] [INFO] Stop recording triggered via global shortcut
[2026-02-21T11:04:11.869Z] [INFO] System tray created
[2026-02-21T11:04:18.207Z] [INFO] Recording saved to temp: C:\Users\oluegwuc\AppData\Local\Temp\temp_recording_1771671858198.webm, size: 5877689 bytes
[2026-02-21T11:04:18.515Z] [INFO] FFmpeg started: ffmpeg -i C:\Users\oluegwuc\AppData\Local\Temp\temp_recording_1771671858198.webm -y -c:v libx264 -crf 18 -preset slow -movflags +faststart -pix_fmt yuv420p -vsync cfr -force_key_frames expr:gte(t,n_forced*2) -r 24 -c:a aac -b:a 128k -f mp4 C:\Users\oluegwuc\Videos\Recording_2026-02-21T11-04-11-985Z.mp4
[2026-02-21T11:04:18.635Z] [INFO] FFmpeg progress: 0.09166666666666666% - 00:00:00.22
[2026-02-21T11:04:19.192Z] [INFO] FFmpeg progress: 1.0166666666666666% - 00:00:02.44
[2026-02-21T11:04:19.757Z] [INFO] FFmpeg progress: 1.4416666666666667% - 00:00:03.46
[2026-02-21T11:04:20.272Z] [INFO] FFmpeg progress: 1.9666666666666666% - 00:00:04.72
[2026-02-21T11:04:20.782Z] [INFO] FFmpeg progress: 2.7125% - 00:00:06.51
[2026-02-21T11:04:21.297Z] [INFO] FFmpeg progress: 3.2625% - 00:00:07.83
[2026-02-21T11:04:21.826Z] [INFO] FFmpeg progress: 3.8875% - 00:00:09.33
[2026-02-21T11:04:22.469Z] [INFO] FFmpeg progress: 4.4625% - 00:00:10.71
[2026-02-21T11:04:23.124Z] [INFO] FFmpeg progress: 5.316666666666666% - 00:00:12.76
[2026-02-21T11:04:23.632Z] [INFO] FFmpeg progress: 6.091666666666666% - 00:00:14.62
[2026-02-21T11:04:24.133Z] [INFO] FFmpeg progress: 6.491666666666666% - 00:00:15.58
[2026-02-21T11:04:24.644Z] [INFO] FFmpeg progress: 6.8375% - 00:00:16.41
[2026-02-21T11:04:25.164Z] [INFO] FFmpeg progress: 7.291666666666667% - 00:00:17.50
[2026-02-21T11:04:25.711Z] [INFO] FFmpeg progress: 7.691666666666667% - 00:00:18.46
[2026-02-21T11:04:26.216Z] [INFO] FFmpeg progress: 8.0625% - 00:00:19.35
[2026-02-21T11:04:26.721Z] [INFO] FFmpeg progress: 8.5625% - 00:00:20.55
[2026-02-21T11:04:27.224Z] [INFO] FFmpeg progress: 8.987499999999999% - 00:00:21.57
[2026-02-21T11:04:27.754Z] [INFO] FFmpeg progress: 9.291666666666668% - 00:00:22.30
[2026-02-21T11:04:28.264Z] [INFO] FFmpeg progress: 9.7375% - 00:00:23.37
[2026-02-21T11:04:28.902Z] [INFO] FFmpeg progress: 10.287500000000001% - 00:00:24.69
[2026-02-21T11:04:29.427Z] [INFO] FFmpeg progress: 11.041666666666666% - 00:00:26.50
[2026-02-21T11:04:29.936Z] [INFO] FFmpeg progress: 11.4875% - 00:00:27.57
[2026-02-21T11:04:30.499Z] [INFO] FFmpeg progress: 11.991666666666667% - 00:00:28.78
[2026-02-21T11:04:31.002Z] [INFO] FFmpeg progress: 12.687499999999998% - 00:00:30.45
[2026-02-21T11:04:31.518Z] [INFO] FFmpeg progress: 13.166666666666668% - 00:00:31.60
[2026-02-21T11:04:32.024Z] [INFO] FFmpeg progress: 13.6375% - 00:00:32.73
[2026-02-21T11:04:32.534Z] [INFO] FFmpeg progress: 14.366666666666667% - 00:00:34.48
[2026-02-21T11:04:33.035Z] [INFO] FFmpeg progress: 14.791666666666666% - 00:00:35.50
[2026-02-21T11:04:33.579Z] [INFO] FFmpeg progress: 15.291666666666668% - 00:00:36.70
[2026-02-21T11:04:34.087Z] [INFO] FFmpeg progress: 16.0125% - 00:00:38.43
[2026-02-21T11:04:34.598Z] [INFO] FFmpeg progress: 16.5625% - 00:00:39.75
[2026-02-21T11:04:35.136Z] [INFO] FFmpeg progress: 17.058333333333334% - 00:00:40.94
[2026-02-21T11:04:35.826Z] [INFO] FFmpeg progress: 17.816666666666666% - 00:00:42.76
[2026-02-21T11:04:36.334Z] [INFO] FFmpeg progress: 18.5625% - 00:00:44.55
[2026-02-21T11:04:36.839Z] [INFO] FFmpeg progress: 19.058333333333337% - 00:00:45.74
[2026-02-21T11:04:37.347Z] [INFO] FFmpeg progress: 19.4875% - 00:00:46.77
[2026-02-21T11:04:37.842Z] [INFO] FFmpeg progress: 20.241666666666667% - 00:00:48.58
[2026-02-21T11:04:38.345Z] [INFO] FFmpeg progress: 20.741666666666667% - 00:00:49.78
[2026-02-21T11:04:38.848Z] [INFO] FFmpeg progress: 21.2625% - 00:00:51.03
[2026-02-21T11:04:39.538Z] [INFO] FFmpeg progress: 21.966666666666665% - 00:00:52.72
[2026-02-21T11:04:40.047Z] [INFO] FFmpeg progress: 22.7125% - 00:00:54.51
[2026-02-21T11:04:40.551Z] [INFO] FFmpeg progress: 23.2125% - 00:00:55.71
[2026-02-21T11:04:41.050Z] [INFO] FFmpeg progress: 23.637499999999996% - 00:00:56.73
[2026-02-21T11:04:41.552Z] [INFO] FFmpeg progress: 24.366666666666664% - 00:00:58.48
[2026-02-21T11:04:42.066Z] [INFO] FFmpeg progress: 24.712500000000002% - 00:00:59.31
[2026-02-21T11:04:43.149Z] [INFO] FFmpeg progress: 25.070833333333336% - 00:01:00.17
[2026-02-21T11:04:43.273Z] [INFO] Conversion complete: C:\Users\oluegwuc\Videos\Recording_2026-02-21T11-04-11-985Z.mp4
[2026-02-21T11:04:43.276Z] [INFO] Recording converted and saved: C:\Users\oluegwuc\Videos\Recording_2026-02-21T11-04-11-985Z.mp4
[2026-02-21T11:06:22.892Z] [INFO] Global shortcut registered: F9
[2026-02-21T11:06:29.224Z] [INFO] Recording tray created
[2026-02-21T11:06:37.597Z] [INFO] System tray created
[2026-02-21T11:06:52.829Z] [INFO] Recording saved to temp: C:\Users\oluegwuc\AppData\Local\Temp\temp_recording_1771672012823.webm, size: 4831183 bytes
[2026-02-21T11:06:52.857Z] [INFO] FFmpeg started: ffmpeg -i C:\Users\oluegwuc\AppData\Local\Temp\temp_recording_1771672012823.webm -y -c:v libx264 -crf 18 -preset slow -movflags +faststart -pix_fmt yuv420p -vsync cfr -force_key_frames expr:gte(t,n_forced*2) -r 24 -c:a aac -b:a 128k -f mp4 C:\Users\oluegwuc\Videos\Recording_2026-02-21T11-06-37-755Z.mp4
[2026-02-21T11:06:53.061Z] [INFO] FFmpeg progress: 0.15% - 00:00:00.36
[2026-02-21T11:06:53.660Z] [INFO] FFmpeg progress: 1.0458333333333332% - 00:00:02.51
[2026-02-21T11:06:54.373Z] [INFO] FFmpeg progress: 1.1250000000000002% - 00:00:02.70
[2026-02-21T11:06:55.294Z] [INFO] FFmpeg progress: 1.25% - 00:00:03.00
[2026-02-21T11:06:55.891Z] [INFO] FFmpeg progress: 1.4000000000000001% - 00:00:03.36
[2026-02-21T11:06:56.407Z] [INFO] FFmpeg progress: 1.5791666666666666% - 00:00:03.79
[2026-02-21T11:06:57.149Z] [INFO] FFmpeg progress: 1.775% - 00:00:04.26
[2026-02-21T11:06:57.952Z] [INFO] FFmpeg progress: 1.9541666666666668% - 00:00:04.69
[2026-02-21T11:06:58.530Z] [INFO] FFmpeg progress: 2.175% - 00:00:05.22
[2026-02-21T11:06:59.049Z] [INFO] FFmpeg progress: 2.3791666666666664% - 00:00:05.71
[2026-02-21T11:06:59.570Z] [INFO] FFmpeg progress: 2.6% - 00:00:06.24
[2026-02-21T11:07:00.659Z] [INFO] FFmpeg progress: 2.795833333333333% - 00:00:06.71
[2026-02-21T11:07:01.179Z] [INFO] FFmpeg progress: 3.0291666666666663% - 00:00:07.27
[2026-02-21T11:07:01.730Z] [INFO] FFmpeg progress: 3.179166666666667% - 00:00:07.63
[2026-02-21T11:07:02.286Z] [INFO] FFmpeg progress: 3.4000000000000004% - 00:00:08.16
[2026-02-21T11:07:06.258Z] [INFO] FFmpeg progress: 3.4749999999999996% - 00:00:08.34
[2026-02-21T11:07:06.431Z] [INFO] Conversion complete: C:\Users\oluegwuc\Videos\Recording_2026-02-21T11-06-37-755Z.mp4
[2026-02-21T11:07:06.434Z] [INFO] Recording converted and saved: C:\Users\oluegwuc\Videos\Recording_2026-02-21T11-06-37-755Z.mp4
[2026-02-21T11:07:16.604Z] [INFO] Application closing
[2026-02-21T11:10:19.490Z] [INFO] Logger initialized
[2026-02-21T11:10:19.496Z] [INFO] Application starting...
[2026-02-21T11:10:19.496Z] [INFO] Running in development mode
[2026-02-21T11:10:19.644Z] [INFO] System tray created
[2026-02-21T11:10:19.649Z] [INFO] Global shortcut registered: F9
[2026-02-21T11:10:20.520Z] [INFO] Main window ready
[2026-02-21T11:10:33.723Z] [INFO] Recording tray created
[2026-02-21T11:10:39.426Z] [INFO] Stop recording triggered via global shortcut
[2026-02-21T11:10:39.466Z] [INFO] System tray created
[2026-02-21T11:10:45.239Z] [INFO] Recording saved to temp: C:\Users\oluegwuc\AppData\Local\Temp\temp_recording_1771672245234.webm, size: 3442913 bytes
[2026-02-21T11:10:45.573Z] [INFO] FFmpeg started: ffmpeg -i C:\Users\oluegwuc\AppData\Local\Temp\temp_recording_1771672245234.webm -y -c:v libx264 -crf 18 -preset slow -movflags +faststart -pix_fmt yuv420p -vsync cfr -force_key_frames expr:gte(t,n_forced*2) -r 24 -c:a aac -b:a 128k -f mp4 C:\Users\oluegwuc\Videos\Recording_2026-02-21T11-10-39-514Z.mp4
[2026-02-21T11:10:45.730Z] [INFO] FFmpeg progress: 0.10833333333333332% - 00:00:00.26
[2026-02-21T11:10:46.401Z] [INFO] FFmpeg progress: 0.9791666666666667% - 00:00:02.35
[2026-02-21T11:10:47.035Z] [INFO] FFmpeg progress: 1.1833333333333333% - 00:00:02.84
[2026-02-21T11:10:47.617Z] [INFO] FFmpeg progress: 1.4333333333333333% - 00:00:03.44
[2026-02-21T11:10:48.204Z] [INFO] FFmpeg progress: 1.7083333333333333% - 00:00:04.10
[2026-02-21T11:10:48.734Z] [INFO] FFmpeg progress: 1.9291666666666665% - 00:00:04.63
[2026-02-21T11:10:49.300Z] [INFO] FFmpeg progress: 2.3583333333333334% - 00:00:05.66
[2026-02-21T11:10:51.010Z] [INFO] FFmpeg progress: 2.3833333333333333% - 00:00:05.72
[2026-02-21T11:10:51.124Z] [INFO] Conversion complete: C:\Users\oluegwuc\Videos\Recording_2026-02-21T11-10-39-514Z.mp4
[2026-02-21T11:10:51.127Z] [INFO] Recording converted and saved: C:\Users\oluegwuc\Videos\Recording_2026-02-21T11-10-39-514Z.mp4
[2026-02-21T11:15:46.290Z] [INFO] Application closing
[2026-02-21T11:18:31.896Z] [INFO] Logger initialized
[2026-02-21T11:18:31.900Z] [INFO] Application starting...
[2026-02-21T11:18:31.900Z] [INFO] Running in development mode
[2026-02-21T11:18:32.048Z] [INFO] System tray created
[2026-02-21T11:18:32.056Z] [INFO] Global shortcut registered: F9
[2026-02-21T11:18:32.956Z] [INFO] Main window ready
[2026-02-21T11:18:50.858Z] [INFO] Recording tray created
[2026-02-21T11:18:55.613Z] [INFO] Stop recording triggered via global shortcut
[2026-02-21T11:18:55.668Z] [INFO] System tray created
[2026-02-21T11:19:06.498Z] [INFO] Recording saved to temp: C:\Users\oluegwuc\AppData\Local\Temp\temp_recording_1771672746493.webm, size: 2086992 bytes
[2026-02-21T11:19:06.826Z] [INFO] FFmpeg started: ffmpeg -i C:\Users\oluegwuc\AppData\Local\Temp\temp_recording_1771672746493.webm -y -c:v libx264 -crf 18 -preset slow -movflags +faststart -pix_fmt yuv420p -vsync cfr -force_key_frames expr:gte(t,n_forced*2) -r 24 -c:a aac -b:a 128k -f mp4 C:\Users\oluegwuc\Videos\Recording_2026-02-21T11-18-55-735Z.mp4
[2026-02-21T11:19:06.991Z] [INFO] FFmpeg progress: 0.07083333333333333% - 00:00:00.17
[2026-02-21T11:19:07.459Z] [INFO] FFmpeg progress: 0.8958333333333334% - 00:00:02.15
[2026-02-21T11:19:07.961Z] [INFO] FFmpeg progress: 1.0625% - 00:00:02.55
[2026-02-21T11:19:08.585Z] [INFO] FFmpeg progress: 1.1708333333333332% - 00:00:02.81
[2026-02-21T11:19:09.096Z] [INFO] FFmpeg progress: 1.4208333333333334% - 00:00:03.41
[2026-02-21T11:19:09.641Z] [INFO] FFmpeg progress: 1.6708333333333332% - 00:00:04.01
[2026-02-21T11:19:10.141Z] [INFO] FFmpeg progress: 1.8375% - 00:00:04.41
[2026-02-21T11:19:10.717Z] [INFO] FFmpeg progress: 1.9541666666666668% - 00:00:04.69
[2026-02-21T11:19:12.299Z] [INFO] FFmpeg progress: 1.9708333333333334% - 00:00:04.73
[2026-02-21T11:19:12.430Z] [INFO] Conversion complete: C:\Users\oluegwuc\Videos\Recording_2026-02-21T11-18-55-735Z.mp4
[2026-02-21T11:19:12.436Z] [INFO] Recording converted and saved: C:\Users\oluegwuc\Videos\Recording_2026-02-21T11-18-55-735Z.mp4
[2026-02-21T11:19:34.268Z] [INFO] Recording tray created
[2026-02-21T11:19:51.196Z] [INFO] System tray created
[2026-02-21T11:20:03.508Z] [INFO] Recording saved to temp: C:\Users\oluegwuc\AppData\Local\Temp\temp_recording_1771672803504.webm, size: 2375080 bytes
[2026-02-21T11:20:03.545Z] [INFO] FFmpeg started: ffmpeg -i C:\Users\oluegwuc\AppData\Local\Temp\temp_recording_1771672803504.webm -y -c:v libx264 -crf 18 -preset slow -movflags +faststart -pix_fmt yuv420p -vsync cfr -force_key_frames expr:gte(t,n_forced*2) -r 24 -c:a aac -b:a 128k -f mp4 C:\Users\oluegwuc\Videos\Recording_2026-02-21T11-19-51-285Z.mp4
[2026-02-21T11:20:03.833Z] [INFO] FFmpeg progress: 0.07083333333333333% - 00:00:00.17
[2026-02-21T11:20:04.705Z] [INFO] FFmpeg progress: 1.0375% - 00:00:02.49
[2026-02-21T11:20:05.276Z] [INFO] FFmpeg progress: 1.1166666666666667% - 00:00:02.68
[2026-02-21T11:20:05.972Z] [INFO] FFmpeg progress: 1.4375% - 00:00:03.45
[2026-02-21T11:20:06.484Z] [INFO] FFmpeg progress: 1.6958333333333335% - 00:00:04.07
[2026-02-21T11:20:07.556Z] [INFO] FFmpeg progress: 1.9708333333333334% - 00:00:04.73
[2026-02-21T11:20:08.277Z] [INFO] FFmpeg progress: 2.2624999999999997% - 00:00:05.43
[2026-02-21T11:20:08.777Z] [INFO] FFmpeg progress: 2.5916666666666663% - 00:00:06.22
[2026-02-21T11:20:09.533Z] [INFO] FFmpeg progress: 2.8166666666666664% - 00:00:06.76
[2026-02-21T11:20:10.127Z] [INFO] FFmpeg progress: 3.3125% - 00:00:07.95
[2026-02-21T11:20:10.761Z] [INFO] FFmpeg progress: 3.6416666666666666% - 00:00:08.74
[2026-02-21T11:20:11.291Z] [INFO] FFmpeg progress: 3.970833333333333% - 00:00:09.53
[2026-02-21T11:20:12.127Z] [INFO] FFmpeg progress: 4.470833333333333% - 00:00:10.73
[2026-02-21T11:20:12.656Z] [INFO] FFmpeg progress: 4.816666666666667% - 00:00:11.56
[2026-02-21T11:20:13.448Z] [INFO] FFmpeg progress: 5.295833333333333% - 00:00:12.71
[2026-02-21T11:20:13.952Z] [INFO] FFmpeg progress: 5.7125% - 00:00:13.71
[2026-02-21T11:20:14.788Z] [INFO] FFmpeg progress: 6.141666666666667% - 00:00:14.74
[2026-02-21T11:20:15.320Z] [INFO] FFmpeg progress: 6.591666666666667% - 00:00:15.82
[2026-02-21T11:20:16.129Z] [INFO] FFmpeg progress: 6.966666666666667% - 00:00:16.72
[2026-02-21T11:20:17.713Z] [INFO] FFmpeg progress: 7.020833333333335% - 00:00:16.85
[2026-02-21T11:20:17.841Z] [INFO] Conversion complete: C:\Users\oluegwuc\Videos\Recording_2026-02-21T11-19-51-285Z.mp4
[2026-02-21T11:20:17.845Z] [INFO] Recording converted and saved: C:\Users\oluegwuc\Videos\Recording_2026-02-21T11-19-51-285Z.mp4
[2026-02-21T11:21:11.094Z] [INFO] Recording tray created
[2026-02-21T11:21:15.282Z] [INFO] Stop recording triggered via global shortcut
[2026-02-21T11:21:15.341Z] [INFO] System tray created
[2026-02-21T11:21:31.883Z] [INFO] Recording saved to temp: C:\Users\oluegwuc\AppData\Local\Temp\temp_recording_1771672891881.webm, size: 1018128 bytes
[2026-02-21T11:21:31.914Z] [INFO] FFmpeg started: ffmpeg -i C:\Users\oluegwuc\AppData\Local\Temp\temp_recording_1771672891881.webm -y -c:v libx264 -crf 18 -preset slow -movflags +faststart -pix_fmt yuv420p -vsync cfr -force_key_frames expr:gte(t,n_forced*2) -r 24 -c:a aac -b:a 128k -f mp4 C:\Users\oluegwuc\Videos\Recording_2026-02-21T11-21-15-408Z.mp4
[2026-02-21T11:21:32.099Z] [INFO] FFmpeg progress: 0.09583333333333334% - 00:00:00.23
[2026-02-21T11:21:32.715Z] [INFO] FFmpeg progress: 0.9916666666666666% - 00:00:02.38
[2026-02-21T11:21:33.263Z] [INFO] FFmpeg progress: 1.2416666666666667% - 00:00:02.98
[2026-02-21T11:21:33.783Z] [INFO] FFmpeg progress: 1.6166666666666667% - 00:00:03.88
[2026-02-21T11:21:35.014Z] [INFO] FFmpeg progress: 1.7416666666666667% - 00:00:04.18
[2026-02-21T11:21:35.226Z] [INFO] Conversion complete: C:\Users\oluegwuc\Videos\Recording_2026-02-21T11-21-15-408Z.mp4
[2026-02-21T11:21:35.228Z] [INFO] Recording converted and saved: C:\Users\oluegwuc\Videos\Recording_2026-02-21T11-21-15-408Z.mp4
[2026-02-21T11:25:25.803Z] [INFO] Application closing
[2026-02-21T11:25:39.951Z] [INFO] Logger initialized
[2026-02-21T11:25:39.956Z] [INFO] Application starting...
[2026-02-21T11:25:39.956Z] [INFO] Running in development mode
[2026-02-21T11:25:40.108Z] [INFO] System tray created
[2026-02-21T11:25:40.111Z] [INFO] Global shortcut registered: F9
[2026-02-21T11:25:41.030Z] [INFO] Main window ready
[2026-02-21T11:25:56.338Z] [INFO] Recording tray created
[2026-02-21T11:26:00.953Z] [INFO] Stop recording triggered via global shortcut
[2026-02-21T11:26:01.033Z] [INFO] System tray created
[2026-02-21T11:26:13.310Z] [INFO] Recording saved to temp: C:\Users\oluegwuc\AppData\Local\Temp\temp_recording_1771673173305.webm, size: 2907697 bytes
[2026-02-21T11:26:13.694Z] [INFO] FFmpeg started: ffmpeg -i C:\Users\oluegwuc\AppData\Local\Temp\temp_recording_1771673173305.webm -y -c:v libx264 -crf 18 -preset slow -movflags +faststart -pix_fmt yuv420p -vsync cfr -force_key_frames expr:gte(t,n_forced*2) -r 24 -c:a aac -b:a 128k -f mp4 C:\Users\oluegwuc\Videos\Recording_2026-02-21T11-26-01-125Z.mp4
[2026-02-21T11:26:13.876Z] [INFO] FFmpeg progress: 0.11250000000000002% - 00:00:00.27
[2026-02-21T11:26:14.345Z] [INFO] FFmpeg progress: 0.8708333333333333% - 00:00:02.09
[2026-02-21T11:26:15.300Z] [INFO] FFmpeg progress: 1.0916666666666666% - 00:00:02.62
[2026-02-21T11:26:15.939Z] [INFO] FFmpeg progress: 1.2958333333333332% - 00:00:03.11
[2026-02-21T11:26:16.352Z] [INFO] FFmpeg progress: 1.4916666666666667% - 00:00:03.58
[2026-02-21T11:26:16.862Z] [INFO] FFmpeg progress: 1.7125000000000001% - 00:00:04.11
[2026-02-21T11:26:17.641Z] [INFO] FFmpeg progress: 1.9% - 00:00:04.56
[2026-02-21T11:26:19.354Z] [INFO] FFmpeg progress: 1.9166666666666665% - 00:00:04.60
[2026-02-21T11:26:19.490Z] [INFO] Conversion complete: C:\Users\oluegwuc\Videos\Recording_2026-02-21T11-26-01-125Z.mp4
[2026-02-21T11:26:19.492Z] [INFO] Recording converted and saved: C:\Users\oluegwuc\Videos\Recording_2026-02-21T11-26-01-125Z.mp4
[2026-02-21T11:28:55.279Z] [INFO] Global shortcut registered: F9
[2026-02-21T11:29:30.277Z] [INFO] Application closing
[2026-02-21T11:29:44.956Z] [INFO] Logger initialized
[2026-02-21T11:29:44.961Z] [INFO] Application starting...
[2026-02-21T11:29:44.961Z] [INFO] Running in development mode
[2026-02-21T11:29:45.241Z] [INFO] System tray created
[2026-02-21T11:29:45.261Z] [INFO] Global shortcut registered: F9
[2026-02-21T11:29:46.065Z] [INFO] Main window ready
[2026-02-21T11:30:02.169Z] [INFO] Recording tray created
[2026-02-21T11:30:12.468Z] [INFO] Stop recording triggered via global shortcut
[2026-02-21T11:30:12.532Z] [INFO] System tray created
[2026-02-21T11:30:17.956Z] [INFO] Recording saved to temp: C:\Users\oluegwuc\AppData\Local\Temp\temp_recording_1771673417952.webm, size: 1397100 bytes
[2026-02-21T11:30:18.336Z] [INFO] FFmpeg started: ffmpeg -i C:\Users\oluegwuc\AppData\Local\Temp\temp_recording_1771673417952.webm -y -c:v libx264 -crf 18 -preset slow -movflags +faststart -pix_fmt yuv420p -vsync cfr -force_key_frames expr:gte(t,n_forced*2) -r 24 -c:a aac -b:a 128k -f mp4 C:\Users\oluegwuc\Videos\Recording_2026-02-21T11-30-12-594Z.mp4
[2026-02-21T11:30:18.474Z] [INFO] FFmpeg progress: 0.075% - 00:00:00.18
[2026-02-21T11:30:18.982Z] [INFO] FFmpeg progress: 1.0250000000000001% - 00:00:02.46
[2026-02-21T11:30:19.525Z] [INFO] FFmpeg progress: 1.15% - 00:00:02.76
[2026-02-21T11:30:20.040Z] [INFO] FFmpeg progress: 1.4708333333333332% - 00:00:03.53
[2026-02-21T11:30:20.550Z] [INFO] FFmpeg progress: 1.8708333333333333% - 00:00:04.49
[2026-02-21T11:30:21.100Z] [INFO] FFmpeg progress: 2.2% - 00:00:05.28
[2026-02-21T11:30:21.566Z] [INFO] FFmpeg progress: 2.6% - 00:00:06.24
[2026-02-21T11:30:22.113Z] [INFO] FFmpeg progress: 2.9000000000000004% - 00:00:06.96
[2026-02-21T11:30:22.857Z] [INFO] FFmpeg progress: 3.6208333333333327% - 00:00:08.69
[2026-02-21T11:30:23.124Z] [INFO] FFmpeg progress: 4.020833333333333% - 00:00:09.65
[2026-02-21T11:30:24.184Z] [INFO] FFmpeg progress: 4.295833333333333% - 00:00:10.31
[2026-02-21T11:30:24.354Z] [INFO] Conversion complete: C:\Users\oluegwuc\Videos\Recording_2026-02-21T11-30-12-594Z.mp4
[2026-02-21T11:30:24.356Z] [INFO] Recording converted and saved: C:\Users\oluegwuc\Videos\Recording_2026-02-21T11-30-12-594Z.mp4
[2026-02-21T11:32:41.182Z] [INFO] Application closing
[2026-02-21T11:32:48.358Z] [INFO] Logger initialized
[2026-02-21T11:32:48.364Z] [INFO] Application starting...
[2026-02-21T11:32:48.365Z] [INFO] Running in development mode
[2026-02-21T11:32:48.540Z] [INFO] System tray created
[2026-02-21T11:32:48.542Z] [INFO] Global shortcut registered: F9
[2026-02-21T11:32:49.443Z] [INFO] Main window ready
[2026-02-21T11:33:05.079Z] [INFO] Recording tray created
[2026-02-21T11:33:09.663Z] [INFO] Stop recording triggered via global shortcut
[2026-02-21T11:33:09.720Z] [INFO] System tray created
[2026-02-21T11:33:16.669Z] [INFO] Recording saved to temp: C:\Users\oluegwuc\AppData\Local\Temp\temp_recording_1771673596666.webm, size: 997594 bytes
[2026-02-21T11:33:17.022Z] [INFO] FFmpeg started: ffmpeg -i C:\Users\oluegwuc\AppData\Local\Temp\temp_recording_1771673596666.webm -y -c:v libx264 -crf 18 -preset slow -movflags +faststart -pix_fmt yuv420p -vsync cfr -force_key_frames expr:gte(t,n_forced*2) -r 24 -c:a aac -b:a 128k -f mp4 C:\Users\oluegwuc\Videos\Recording_2026-02-21T11-33-09-783Z.mp4
[2026-02-21T11:33:17.166Z] [INFO] FFmpeg progress: 0.07083333333333333% - 00:00:00.17
[2026-02-21T11:33:17.979Z] [INFO] FFmpeg progress: 1.0208333333333335% - 00:00:02.45
[2026-02-21T11:33:18.486Z] [INFO] FFmpeg progress: 1.2708333333333333% - 00:00:03.05
[2026-02-21T11:33:19.014Z] [INFO] FFmpeg progress: 1.7416666666666667% - 00:00:04.18
[2026-02-21T11:33:20.213Z] [INFO] FFmpeg progress: 1.9166666666666665% - 00:00:04.60
[2026-02-21T11:33:20.339Z] [INFO] Conversion complete: C:\Users\oluegwuc\Videos\Recording_2026-02-21T11-33-09-783Z.mp4
[2026-02-21T11:33:20.342Z] [INFO] Recording converted and saved: C:\Users\oluegwuc\Videos\Recording_2026-02-21T11-33-09-783Z.mp4
[2026-02-21T11:34:14.959Z] [INFO] Recording tray created
[2026-02-21T11:35:03.361Z] [INFO] Stop recording triggered via global shortcut
[2026-02-21T11:35:03.406Z] [INFO] System tray created
[2026-02-21T11:35:07.198Z] [INFO] Recording saved to temp: C:\Users\oluegwuc\AppData\Local\Temp\temp_recording_1771673707076.webm, size: 31996566 bytes
[2026-02-21T11:35:07.229Z] [INFO] FFmpeg started: ffmpeg -i C:\Users\oluegwuc\AppData\Local\Temp\temp_recording_1771673707076.webm -y -c:v libx264 -crf 18 -preset slow -movflags +faststart -pix_fmt yuv420p -vsync cfr -force_key_frames expr:gte(t,n_forced*2) -r 24 -c:a aac -b:a 128k -f mp4 C:\Users\oluegwuc\Videos\Recording_2026-02-21T11-35-03-763Z.mp4
[2026-02-21T11:35:07.396Z] [INFO] FFmpeg progress: 0.11250000000000002% - 00:00:00.27
[2026-02-21T11:35:08.120Z] [INFO] FFmpeg progress: 1.0375% - 00:00:02.49
[2026-02-21T11:35:08.621Z] [INFO] FFmpeg progress: 1.2708333333333333% - 00:00:03.05
[2026-02-21T11:35:09.106Z] [INFO] FFmpeg progress: 1.5875% - 00:00:03.81
[2026-02-21T11:35:09.646Z] [INFO] FFmpeg progress: 1.8624999999999998% - 00:00:04.47
[2026-02-21T11:35:10.179Z] [INFO] FFmpeg progress: 2.1916666666666664% - 00:00:05.26
[2026-02-21T11:35:10.667Z] [INFO] FFmpeg progress: 2.6208333333333336% - 00:00:06.29
[2026-02-21T11:35:11.224Z] [INFO] FFmpeg progress: 2.966666666666667% - 00:00:07.12
[2026-02-21T11:35:11.736Z] [INFO] FFmpeg progress: 3.4375000000000004% - 00:00:08.25
[2026-02-21T11:35:12.250Z] [INFO] FFmpeg progress: 3.695833333333333% - 00:00:08.87
[2026-02-21T11:35:12.756Z] [INFO] FFmpeg progress: 4.1125% - 00:00:09.87
[2026-02-21T11:35:13.272Z] [INFO] FFmpeg progress: 4.470833333333333% - 00:00:10.73
[2026-02-21T11:35:13.810Z] [INFO] FFmpeg progress: 4.7875% - 00:00:11.49
[2026-02-21T11:35:14.345Z] [INFO] FFmpeg progress: 5.170833333333333% - 00:00:12.41
[2026-02-21T11:35:15.066Z] [INFO] FFmpeg progress: 5.391666666666666% - 00:00:12.94
[2026-02-21T11:35:15.517Z] [INFO] FFmpeg progress: 5.570833333333333% - 00:00:13.37
[2026-02-21T11:35:16.043Z] [INFO] FFmpeg progress: 5.766666666666667% - 00:00:13.84
[2026-02-21T11:35:16.550Z] [INFO] FFmpeg progress: 6.016666666666667% - 00:00:14.44
[2026-02-21T11:35:17.054Z] [INFO] FFmpeg progress: 6.3875% - 00:00:15.33
[2026-02-21T11:35:17.599Z] [INFO] FFmpeg progress: 6.691666666666666% - 00:00:16.06
[2026-02-21T11:35:18.101Z] [INFO] FFmpeg progress: 6.966666666666667% - 00:00:16.72
[2026-02-21T11:35:18.622Z] [INFO] FFmpeg progress: 7.437500000000001% - 00:00:17.85
[2026-02-21T11:35:19.129Z] [INFO] FFmpeg progress: 7.5874999999999995% - 00:00:18.21
[2026-02-21T11:35:19.679Z] [INFO] FFmpeg progress: 7.8625% - 00:00:18.87
[2026-02-21T11:35:20.201Z] [INFO] FFmpeg progress: 8.291666666666666% - 00:00:19.90
[2026-02-21T11:35:20.766Z] [INFO] FFmpeg progress: 8.566666666666665% - 00:00:20.56
[2026-02-21T11:35:21.258Z] [INFO] FFmpeg progress: 9.020833333333332% - 00:00:21.65
[2026-02-21T11:35:21.863Z] [INFO] FFmpeg progress: 9.420833333333333% - 00:00:22.61
[2026-02-21T11:35:22.463Z] [INFO] FFmpeg progress: 9.916666666666666% - 00:00:23.80
[2026-02-21T11:35:22.992Z] [INFO] FFmpeg progress: 10.3875% - 00:00:24.93
[2026-02-21T11:35:23.513Z] [INFO] FFmpeg progress: 10.716666666666667% - 00:00:25.72
[2026-02-21T11:35:24.005Z] [INFO] FFmpeg progress: 10.9125% - 00:00:26.19
[2026-02-21T11:35:24.564Z] [INFO] FFmpeg progress: 11.270833333333334% - 00:00:27.05
[2026-02-21T11:35:25.720Z] [INFO] FFmpeg progress: 11.420833333333333% - 00:00:27.41
[2026-02-21T11:35:26.273Z] [INFO] FFmpeg progress: 11.570833333333333% - 00:00:27.77
[2026-02-21T11:35:26.786Z] [INFO] FFmpeg progress: 11.970833333333333% - 00:00:28.73
[2026-02-21T11:35:27.526Z] [INFO] FFmpeg progress: 12.016666666666667% - 00:00:28.84
[2026-02-21T11:35:28.506Z] [INFO] FFmpeg progress: 12.070833333333333% - 00:00:28.97
[2026-02-21T11:35:29.590Z] [INFO] FFmpeg progress: 12.441666666666666% - 00:00:29.86
[2026-02-21T11:35:30.198Z] [INFO] FFmpeg progress: 12.787500000000001% - 00:00:30.69
[2026-02-21T11:35:30.785Z] [INFO] FFmpeg progress: 12.816666666666668% - 00:00:30.76
[2026-02-21T11:35:31.716Z] [INFO] FFmpeg progress: 13.0375% - 00:00:31.29
[2026-02-21T11:35:32.269Z] [INFO] FFmpeg progress: 13.270833333333334% - 00:00:31.85
[2026-02-21T11:35:33.101Z] [INFO] FFmpeg progress: 13.295833333333334% - 00:00:31.91
[2026-02-21T11:35:34.020Z] [INFO] FFmpeg progress: 13.420833333333334% - 00:00:32.21
[2026-02-21T11:35:34.775Z] [INFO] FFmpeg progress: 13.570833333333335% - 00:00:32.57
[2026-02-21T11:35:35.304Z] [INFO] FFmpeg progress: 13.695833333333333% - 00:00:32.87
[2026-02-21T11:35:36.531Z] [INFO] FFmpeg progress: 13.791666666666666% - 00:00:33.10
[2026-02-21T11:35:37.624Z] [INFO] FFmpeg progress: 13.89166666666667% - 00:00:33.34
[2026-02-21T11:35:38.387Z] [INFO] FFmpeg progress: 14.04166666666667% - 00:00:33.70
[2026-02-21T11:35:38.956Z] [INFO] FFmpeg progress: 14.316666666666666% - 00:00:34.36
[2026-02-21T11:35:39.462Z] [INFO] FFmpeg progress: 14.512500000000001% - 00:00:34.83
[2026-02-21T11:35:40.008Z] [INFO] FFmpeg progress: 14.870833333333334% - 00:00:35.69
[2026-02-21T11:35:40.482Z] [INFO] FFmpeg progress: 15.216666666666667% - 00:00:36.52
[2026-02-21T11:35:40.981Z] [INFO] FFmpeg progress: 15.462499999999999% - 00:00:37.11
[2026-02-21T11:35:41.486Z] [INFO] FFmpeg progress: 15.616666666666665% - 00:00:37.48
[2026-02-21T11:35:41.995Z] [INFO] FFmpeg progress: 15.791666666666664% - 00:00:37.90
[2026-02-21T11:35:42.499Z] [INFO] FFmpeg progress: 16.095833333333335% - 00:00:38.63
[2026-02-21T11:35:43.075Z] [INFO] FFmpeg progress: 16.3875% - 00:00:39.33
[2026-02-21T11:35:43.604Z] [INFO] FFmpeg progress: 16.716666666666665% - 00:00:40.12
[2026-02-21T11:35:44.111Z] [INFO] FFmpeg progress: 17.020833333333336% - 00:00:40.85
[2026-02-21T11:35:44.608Z] [INFO] FFmpeg progress: 17.545833333333334% - 00:00:42.11
[2026-02-21T11:35:45.118Z] [INFO] FFmpeg progress: 17.97083333333333% - 00:00:43.13
[2026-02-21T11:35:45.648Z] [INFO] FFmpeg progress: 18.512500000000003% - 00:00:44.43
[2026-02-21T11:35:46.182Z] [INFO] FFmpeg progress: 18.941666666666666% - 00:00:45.46
[2026-02-21T11:35:46.859Z] [INFO] FFmpeg progress: 19.4625% - 00:00:46.71
[2026-02-21T11:35:47.362Z] [INFO] FFmpeg progress: 20.016666666666666% - 00:00:48.04
[2026-02-21T11:35:48.589Z] [INFO] FFmpeg progress: 20.166666666666664% - 00:00:48.40
[2026-02-21T11:35:48.727Z] [INFO] Conversion complete: C:\Users\oluegwuc\Videos\Recording_2026-02-21T11-35-03-763Z.mp4
[2026-02-21T11:35:48.737Z] [INFO] Recording converted and saved: C:\Users\oluegwuc\Videos\Recording_2026-02-21T11-35-03-763Z.mp4
[2026-02-21T11:50:11.686Z] [INFO] Logger initialized
[2026-02-21T11:50:11.690Z] [INFO] Application starting...
[2026-02-21T11:50:11.690Z] [INFO] Running in development mode
[2026-02-21T11:50:11.906Z] [INFO] System tray created
[2026-02-21T11:50:11.922Z] [INFO] Global shortcut registered: F9
[2026-02-21T11:50:12.870Z] [INFO] Main window ready
[2026-02-21T11:52:38.640Z] [INFO] Application closing
[2026-02-21T11:52:47.543Z] [INFO] Logger initialized
[2026-02-21T11:52:47.556Z] [INFO] Application starting...
[2026-02-21T11:52:47.557Z] [INFO] Running in development mode
[2026-02-21T11:52:47.759Z] [INFO] System tray created
[2026-02-21T11:52:47.766Z] [INFO] Global shortcut registered: F9
[2026-02-21T11:52:48.922Z] [INFO] Main window ready
[2026-02-21T12:02:56.139Z] [INFO] Logger initialized
[2026-02-21T12:02:56.144Z] [INFO] Application starting...
[2026-02-21T12:02:56.144Z] [INFO] Running in development mode
[2026-02-21T12:02:56.331Z] [INFO] System tray created
[2026-02-21T12:02:56.339Z] [INFO] Global shortcut registered: F9
[2026-02-21T12:02:57.298Z] [INFO] Main window ready
[2026-02-21T12:05:52.388Z] [INFO] Application closing
[2026-02-21T12:06:05.477Z] [INFO] Logger initialized
[2026-02-21T12:06:05.482Z] [INFO] Application starting...
[2026-02-21T12:06:05.482Z] [INFO] Running in development mode
[2026-02-21T12:06:05.701Z] [INFO] System tray created
[2026-02-21T12:06:05.708Z] [INFO] Global shortcut registered: F9
[2026-02-21T12:06:06.746Z] [INFO] Main window ready
[2026-02-21T12:15:22.583Z] [INFO] Recording tray created
[2026-02-21T12:15:42.330Z] [INFO] System tray created
[2026-02-21T12:15:50.348Z] [INFO] Recording saved to temp: C:\Users\oluegwuc\AppData\Local\Temp\temp_recording_1771676150341.webm, size: 5508577 bytes
[2026-02-21T12:15:50.350Z] [INFO] Recording saved: C:\Users\oluegwuc\Videos\Recording_2026-02-21T12-15-42-409Z.webm
[2026-02-21T12:18:57.213Z] [INFO] Application closing
[2026-02-21T12:30:24.689Z] [INFO] Logger initialized
[2026-02-21T12:30:24.693Z] [INFO] Application starting...
[2026-02-21T12:30:24.693Z] [INFO] Running in development mode
[2026-02-21T12:30:24.894Z] [INFO] System tray created
[2026-02-21T12:30:24.894Z] [INFO] Global shortcut registered: F9
[2026-02-21T12:30:25.837Z] [INFO] Main window ready
[2026-02-21T12:31:13.865Z] [INFO] Recording tray created
[2026-02-21T12:31:28.711Z] [INFO] Recording tray created
[2026-02-21T12:31:37.449Z] [INFO] Recording tray created
[2026-02-21T12:31:49.017Z] [INFO] Recording tray created
[2026-02-21T12:31:56.067Z] [INFO] Recording tray created
[2026-02-21T12:32:13.745Z] [INFO] System tray created
[2026-02-21T12:32:19.817Z] [INFO] Recording saved to temp: C:\Users\oluegwuc\AppData\Local\Temp\temp_recording_1771677139800.webm, size: 15618469 bytes
[2026-02-21T12:32:20.393Z] [INFO] FFmpeg started: ffmpeg -i C:\Users\oluegwuc\AppData\Local\Temp\temp_recording_1771677139800.webm -y -c:v libx264 -crf 18 -preset slow -movflags +faststart -pix_fmt yuv420p -vsync cfr -force_key_frames expr:gte(t,n_forced*2) -r 24 -c:a aac -b:a 128k -f mp4 C:\Users\oluegwuc\Videos\Recording_2026-02-21T12-32-13-974Z.mp4
[2026-02-21T12:32:20.859Z] [INFO] FFmpeg progress: 0.08750000000000001% - 00:00:00.21
[2026-02-21T12:32:21.299Z] [INFO] FFmpeg progress: 0.9333333333333335% - 00:00:02.24
[2026-02-21T12:32:22.019Z] [INFO] FFmpeg progress: 1.0833333333333335% - 00:00:02.60
[2026-02-21T12:32:22.552Z] [INFO] FFmpeg progress: 1.3166666666666667% - 00:00:03.16
[2026-02-21T12:32:23.053Z] [INFO] FFmpeg progress: 1.5125% - 00:00:03.63
[2026-02-21T12:32:23.561Z] [INFO] FFmpeg progress: 1.7166666666666668% - 00:00:04.12
[2026-02-21T12:32:24.110Z] [INFO] FFmpeg progress: 1.9375% - 00:00:04.65
[2026-02-21T12:32:24.751Z] [INFO] FFmpeg progress: 2.3625% - 00:00:05.67
[2026-02-21T12:32:25.253Z] [INFO] FFmpeg progress: 2.7125% - 00:00:06.51
[2026-02-21T12:32:25.755Z] [INFO] FFmpeg progress: 2.8874999999999997% - 00:00:06.93
[2026-02-21T12:32:26.339Z] [INFO] FFmpeg progress: 3.3166666666666664% - 00:00:07.96
[2026-02-21T12:32:27.021Z] [INFO] FFmpeg progress: 3.6083333333333334% - 00:00:08.66
[2026-02-21T12:32:27.569Z] [INFO] FFmpeg progress: 4.0625% - 00:00:09.75
[2026-02-21T12:32:28.537Z] [INFO] FFmpeg progress: 4.433333333333334% - 00:00:10.64
[2026-02-21T12:32:29.145Z] [INFO] FFmpeg progress: 4.808333333333334% - 00:00:11.54
[2026-02-21T12:32:29.587Z] [INFO] FFmpeg progress: 5.083333333333333% - 00:00:12.20
[2026-02-21T12:32:30.197Z] [INFO] FFmpeg progress: 5.2875% - 00:00:12.69
[2026-02-21T12:32:30.807Z] [INFO] FFmpeg progress: 5.608333333333334% - 00:00:13.46
[2026-02-21T12:32:31.303Z] [INFO] FFmpeg progress: 5.8125% - 00:00:13.95
[2026-02-21T12:32:32.209Z] [INFO] FFmpeg progress: 6.0874999999999995% - 00:00:14.61
[2026-02-21T12:32:32.754Z] [INFO] FFmpeg progress: 6.279166666666666% - 00:00:15.07
[2026-02-21T12:32:33.304Z] [INFO] FFmpeg progress: 6.6083333333333325% - 00:00:15.86
[2026-02-21T12:32:34.226Z] [INFO] FFmpeg progress: 6.9125000000000005% - 00:00:16.59
[2026-02-21T12:32:34.741Z] [INFO] FFmpeg progress: 7.312500000000001% - 00:00:17.55
[2026-02-21T12:32:35.275Z] [INFO] FFmpeg progress: 7.712500000000001% - 00:00:18.51
[2026-02-21T12:32:35.838Z] [INFO] FFmpeg progress: 7.854166666666668% - 00:00:18.85
[2026-02-21T12:32:36.371Z] [INFO] FFmpeg progress: 8.279166666666667% - 00:00:19.87
[2026-02-21T12:32:37.140Z] [INFO] FFmpeg progress: 8.583333333333334% - 00:00:20.60
[2026-02-21T12:32:37.649Z] [INFO] FFmpeg progress: 8.954166666666666% - 00:00:21.49
[2026-02-21T12:32:38.173Z] [INFO] FFmpeg progress: 9.408333333333333% - 00:00:22.58
[2026-02-21T12:32:38.729Z] [INFO] FFmpeg progress: 9.508333333333335% - 00:00:22.82
[2026-02-21T12:32:39.243Z] [INFO] FFmpeg progress: 9.908333333333335% - 00:00:23.78
[2026-02-21T12:32:40.113Z] [INFO] FFmpeg progress: 10.254166666666666% - 00:00:24.61
[2026-02-21T12:32:40.627Z] [INFO] FFmpeg progress: 10.637500000000001% - 00:00:25.53
[2026-02-21T12:32:41.333Z] [INFO] FFmpeg progress: 10.9125% - 00:00:26.19
[2026-02-21T12:32:42.405Z] [INFO] FFmpeg progress: 11.079166666666666% - 00:00:26.59
[2026-02-21T12:32:42.968Z] [INFO] FFmpeg progress: 11.454166666666667% - 00:00:27.49
[2026-02-21T12:32:43.498Z] [INFO] FFmpeg progress: 11.908333333333333% - 00:00:28.58
[2026-02-21T12:32:44.008Z] [INFO] FFmpeg progress: 11.9625% - 00:00:28.71
[2026-02-21T12:32:44.534Z] [INFO] FFmpeg progress: 12.3875% - 00:00:29.73
[2026-02-21T12:32:45.377Z] [INFO] FFmpeg progress: 12.733333333333333% - 00:00:30.56
[2026-02-21T12:32:45.879Z] [INFO] FFmpeg progress: 13.054166666666667% - 00:00:31.33
[2026-02-21T12:32:46.382Z] [INFO] FFmpeg progress: 13.233333333333333% - 00:00:31.76
[2026-02-21T12:32:46.901Z] [INFO] FFmpeg progress: 13.454166666666667% - 00:00:32.29
[2026-02-21T12:32:47.491Z] [INFO] FFmpeg progress: 13.5875% - 00:00:32.61
[2026-02-21T12:32:48.004Z] [INFO] FFmpeg progress: 13.8375% - 00:00:33.21
[2026-02-21T12:32:48.556Z] [INFO] FFmpeg progress: 14.208333333333334% - 00:00:34.10
[2026-02-21T12:32:49.401Z] [INFO] FFmpeg progress: 14.433333333333334% - 00:00:34.64
[2026-02-21T12:32:49.942Z] [INFO] FFmpeg progress: 14.804166666666669% - 00:00:35.53
[2026-02-21T12:32:50.446Z] [INFO] FFmpeg progress: 15.008333333333335% - 00:00:36.02
[2026-02-21T12:32:51.362Z] [INFO] FFmpeg progress: 15.233333333333334% - 00:00:36.56
[2026-02-21T12:32:51.894Z] [INFO] FFmpeg progress: 15.60416666666667% - 00:00:37.45
[2026-02-21T12:32:52.401Z] [INFO] FFmpeg progress: 15.879166666666666% - 00:00:38.11
[2026-02-21T12:32:53.015Z] [INFO] FFmpeg progress: 16.083333333333332% - 00:00:38.60
[2026-02-21T12:32:53.585Z] [INFO] FFmpeg progress: 16.52916666666667% - 00:00:39.67
[2026-02-21T12:32:54.405Z] [INFO] FFmpeg progress: 16.9125% - 00:00:40.59
[2026-02-21T12:32:54.909Z] [INFO] FFmpeg progress: 17.3125% - 00:00:41.55
[2026-02-21T12:32:55.419Z] [INFO] FFmpeg progress: 17.729166666666664% - 00:00:42.55
[2026-02-21T12:32:55.936Z] [INFO] FFmpeg progress: 17.758333333333333% - 00:00:42.62
[2026-02-21T12:32:56.432Z] [INFO] FFmpeg progress: 18.129166666666666% - 00:00:43.51
[2026-02-21T12:32:58.551Z] [INFO] FFmpeg progress: 18.3625% - 00:00:44.07
[2026-02-21T12:32:58.720Z] [INFO] Conversion complete: C:\Users\oluegwuc\Videos\Recording_2026-02-21T12-32-13-974Z.mp4
[2026-02-21T12:32:58.725Z] [INFO] Recording converted and saved: C:\Users\oluegwuc\Videos\Recording_2026-02-21T12-32-13-974Z.mp4
[2026-02-21T12:38:13.152Z] [INFO] Logger initialized
[2026-02-21T12:38:13.159Z] [INFO] Application starting...
[2026-02-21T12:38:13.159Z] [INFO] Running in development mode
[2026-02-21T12:38:13.303Z] [INFO] System tray created
[2026-02-21T12:38:13.303Z] [INFO] Global shortcut registered: F9
[2026-02-21T12:38:16.427Z] [INFO] Main window ready
[2026-02-21T12:39:25.763Z] [INFO] Application closing
[2026-02-21T12:39:27.916Z] [INFO] Application closing
[2026-02-21T12:39:38.576Z] [INFO] Logger initialized
[2026-02-21T12:39:38.579Z] [INFO] Application starting...
[2026-02-21T12:39:38.580Z] [INFO] Running in development mode
[2026-02-21T12:39:38.735Z] [INFO] System tray created
[2026-02-21T12:39:38.743Z] [INFO] Global shortcut registered: F9
[2026-02-21T12:39:39.649Z] [INFO] Main window ready
[2026-02-21T12:39:57.872Z] [INFO] Recording tray created
[2026-02-21T12:40:12.038Z] [INFO] Recording tray created
[2026-02-21T12:41:53.742Z] [INFO] System tray created
[2026-02-21T12:42:00.133Z] [INFO] Recording saved to temp: C:\Users\oluegwuc\AppData\Local\Temp\temp_recording_1771677720127.webm, size: 4492679 bytes
[2026-02-21T12:42:00.695Z] [INFO] FFmpeg started: ffmpeg -i C:\Users\oluegwuc\AppData\Local\Temp\temp_recording_1771677720127.webm -y -c:v libx264 -crf 18 -preset slow -movflags +faststart -pix_fmt yuv420p -vsync cfr -force_key_frames expr:gte(t,n_forced*2) -r 24 -c:a aac -b:a 128k -f mp4 C:\Users\oluegwuc\Videos\Recording_2026-02-21T12-41-53-835Z.mp4
[2026-02-21T12:42:00.901Z] [INFO] FFmpeg progress: 0.09583333333333334% - 00:00:00.23
[2026-02-21T12:42:01.362Z] [INFO] FFmpeg progress: 0.7458333333333333% - 00:00:01.79
[2026-02-21T12:42:02.044Z] [INFO] FFmpeg progress: 0.9958333333333335% - 00:00:02.39
[2026-02-21T12:42:02.570Z] [INFO] FFmpeg progress: 1.0916666666666666% - 00:00:02.62
[2026-02-21T12:42:03.165Z] [INFO] FFmpeg progress: 1.3166666666666667% - 00:00:03.16
[2026-02-21T12:42:03.680Z] [INFO] FFmpeg progress: 1.4666666666666666% - 00:00:03.52
[2026-02-21T12:42:04.494Z] [INFO] FFmpeg progress: 1.7166666666666668% - 00:00:04.12
[2026-02-21T12:42:04.700Z] [INFO] FFmpeg progress: 1.866666666666667% - 00:00:04.48
[2026-02-21T12:42:05.299Z] [INFO] FFmpeg progress: 1.9458333333333335% - 00:00:04.67
[2026-02-21T12:42:05.826Z] [INFO] FFmpeg progress: 2.1708333333333334% - 00:00:05.21
[2026-02-21T12:42:06.423Z] [INFO] FFmpeg progress: 2.3458333333333337% - 00:00:05.63
[2026-02-21T12:42:06.932Z] [INFO] FFmpeg progress: 2.5166666666666666% - 00:00:06.04
[2026-02-21T12:42:07.982Z] [INFO] FFmpeg progress: 2.7916666666666665% - 00:00:06.70
[2026-02-21T12:42:08.484Z] [INFO] FFmpeg progress: 3.0416666666666665% - 00:00:07.30
[2026-02-21T12:42:09.047Z] [INFO] FFmpeg progress: 3.2958333333333334% - 00:00:07.91
[2026-02-21T12:42:09.520Z] [INFO] FFmpeg progress: 3.591666666666667% - 00:00:08.62
[2026-02-21T12:42:10.091Z] [INFO] FFmpeg progress: 3.591666666666667% - 00:00:08.62
[2026-02-21T12:42:10.674Z] [INFO] FFmpeg progress: 3.991666666666667% - 00:00:09.58
[2026-02-21T12:42:11.176Z] [INFO] FFmpeg progress: 4.320833333333333% - 00:00:10.37
[2026-02-21T12:42:11.798Z] [INFO] FFmpeg progress: 4.416666666666667% - 00:00:10.60
[2026-02-21T12:42:12.320Z] [INFO] FFmpeg progress: 4.720833333333333% - 00:00:11.33
[2026-02-21T12:42:12.829Z] [INFO] FFmpeg progress: 5.091666666666668% - 00:00:12.22
[2026-02-21T12:42:13.591Z] [INFO] FFmpeg progress: 5.270833333333334% - 00:00:12.65
[2026-02-21T12:42:14.152Z] [INFO] FFmpeg progress: 5.645833333333334% - 00:00:13.55
[2026-02-21T12:42:16.723Z] [INFO] FFmpeg progress: 5.866666666666666% - 00:00:14.08
[2026-02-21T12:42:16.953Z] [INFO] Conversion complete: C:\Users\oluegwuc\Videos\Recording_2026-02-21T12-41-53-835Z.mp4
[2026-02-21T12:42:16.957Z] [INFO] Recording converted and saved: C:\Users\oluegwuc\Videos\Recording_2026-02-21T12-41-53-835Z.mp4
[2026-02-21T12:42:41.075Z] [INFO] Logger initialized
[2026-02-21T12:42:41.079Z] [INFO] Application starting...
[2026-02-21T12:42:41.079Z] [INFO] Running in development mode
[2026-02-21T12:42:41.236Z] [INFO] System tray created
[2026-02-21T12:42:41.237Z] [INFO] Global shortcut registered: F9
[2026-02-21T12:42:44.309Z] [INFO] Main window ready
[2026-02-21T12:42:50.778Z] [INFO] Application closing
[2026-02-21T12:43:27.184Z] [INFO] Logger initialized
[2026-02-21T12:43:27.189Z] [INFO] Application starting...
[2026-02-21T12:43:27.189Z] [INFO] Running in development mode
[2026-02-21T12:43:27.351Z] [INFO] System tray created
[2026-02-21T12:43:27.358Z] [INFO] Global shortcut registered: F9
[2026-02-21T12:43:28.207Z] [INFO] Main window ready
[2026-02-21T12:43:47.324Z] [INFO] Recording tray created
[2026-02-21T12:43:54.010Z] [INFO] Paused tray created
[2026-02-21T12:44:06.771Z] [INFO] Recording tray created
[2026-02-21T12:44:19.404Z] [INFO] Stop recording triggered via global shortcut
[2026-02-21T12:44:19.451Z] [INFO] System tray created
[2026-02-21T12:44:25.469Z] [INFO] Recording saved to temp: C:\Users\oluegwuc\AppData\Local\Temp\temp_recording_1771677865464.webm, size: 2542787 bytes
[2026-02-21T12:44:25.819Z] [INFO] FFmpeg started: ffmpeg -i C:\Users\oluegwuc\AppData\Local\Temp\temp_recording_1771677865464.webm -y -c:v libx264 -crf 18 -preset slow -movflags +faststart -pix_fmt yuv420p -vsync cfr -force_key_frames expr:gte(t,n_forced*2) -r 24 -c:a aac -b:a 128k -f mp4 C:\Users\oluegwuc\Videos\Recording_2026-02-21T12-44-19-537Z.mp4
[2026-02-21T12:44:25.989Z] [INFO] FFmpeg progress: 0.14166666666666666% - 00:00:00.34
[2026-02-21T12:44:26.813Z] [INFO] FFmpeg progress: 1.0375% - 00:00:02.49
[2026-02-21T12:44:27.369Z] [INFO] FFmpeg progress: 1.2416666666666667% - 00:00:02.98
[2026-02-21T12:44:27.874Z] [INFO] FFmpeg progress: 1.6166666666666667% - 00:00:03.88
[2026-02-21T12:44:28.477Z] [INFO] FFmpeg progress: 1.9708333333333334% - 00:00:04.73
[2026-02-21T12:44:29.001Z] [INFO] FFmpeg progress: 2.4958333333333336% - 00:00:05.99
[2026-02-21T12:44:29.546Z] [INFO] FFmpeg progress: 2.870833333333333% - 00:00:06.89
[2026-02-21T12:44:30.016Z] [INFO] FFmpeg progress: 3.4375000000000004% - 00:00:08.25
[2026-02-21T12:44:30.485Z] [INFO] FFmpeg progress: 3.791666666666667% - 00:00:09.10
[2026-02-21T12:44:31.013Z] [INFO] FFmpeg progress: 4.370833333333334% - 00:00:10.49
[2026-02-21T12:44:31.490Z] [INFO] FFmpeg progress: 4.745833333333334% - 00:00:11.39
[2026-02-21T12:44:32.281Z] [INFO] FFmpeg progress: 5.295833333333333% - 00:00:12.71
[2026-02-21T12:44:32.806Z] [INFO] FFmpeg progress: 5.891666666666667% - 00:00:14.14
[2026-02-21T12:44:33.283Z] [INFO] FFmpeg progress: 6.166666666666667% - 00:00:14.80
[2026-02-21T12:44:33.792Z] [INFO] FFmpeg progress: 6.6375% - 00:00:15.93
[2026-02-21T12:44:34.362Z] [INFO] FFmpeg progress: 6.966666666666667% - 00:00:16.72
[2026-02-21T12:44:34.863Z] [INFO] FFmpeg progress: 7.5874999999999995% - 00:00:18.21
[2026-02-21T12:44:35.430Z] [INFO] FFmpeg progress: 7.8916666666666675% - 00:00:18.94
[2026-02-21T12:44:36.503Z] [INFO] FFmpeg progress: 8.041666666666666% - 00:00:19.30
[2026-02-21T12:44:36.652Z] [INFO] Conversion complete: C:\Users\oluegwuc\Videos\Recording_2026-02-21T12-44-19-537Z.mp4
[2026-02-21T12:44:36.654Z] [INFO] Recording converted and saved: C:\Users\oluegwuc\Videos\Recording_2026-02-21T12-44-19-537Z.mp4
[2026-02-21T12:45:26.641Z] [INFO] Recording tray created
[2026-02-21T12:45:33.120Z] [INFO] Paused tray created
[2026-02-21T12:45:34.956Z] [INFO] Recording tray created
[2026-02-21T12:45:42.370Z] [INFO] System tray created
[2026-02-21T12:45:46.848Z] [INFO] Recording saved to temp: C:\Users\oluegwuc\AppData\Local\Temp\temp_recording_1771677946840.webm, size: 5123460 bytes
[2026-02-21T12:45:46.878Z] [INFO] FFmpeg started: ffmpeg -i C:\Users\oluegwuc\AppData\Local\Temp\temp_recording_1771677946840.webm -y -c:v libx264 -crf 18 -preset slow -movflags +faststart -pix_fmt yuv420p -vsync cfr -force_key_frames expr:gte(t,n_forced*2) -r 24 -c:a aac -b:a 128k -f mp4 C:\Users\oluegwuc\Videos\Recording_2026-02-21T12-45-42-432Z.mp4
[2026-02-21T12:45:47.073Z] [INFO] FFmpeg progress: 0.10416666666666667% - 00:00:00.25
[2026-02-21T12:45:47.929Z] [INFO] FFmpeg progress: 1.0458333333333332% - 00:00:02.51
[2026-02-21T12:45:48.496Z] [INFO] FFmpeg progress: 1.1250000000000002% - 00:00:02.70
[2026-02-21T12:45:49.034Z] [INFO] FFmpeg progress: 1.375% - 00:00:03.30
[2026-02-21T12:45:49.605Z] [INFO] FFmpeg progress: 1.5250000000000001% - 00:00:03.66
[2026-02-21T12:45:50.222Z] [INFO] FFmpeg progress: 1.8000000000000003% - 00:00:04.32
[2026-02-21T12:45:50.800Z] [INFO] FFmpeg progress: 1.9791666666666665% - 00:00:04.75
[2026-02-21T12:45:51.306Z] [INFO] FFmpeg progress: 2.3791666666666664% - 00:00:05.71
[2026-02-21T12:45:51.864Z] [INFO] FFmpeg progress: 2.75% - 00:00:06.60
[2026-02-21T12:45:52.379Z] [INFO] FFmpeg progress: 2.875% - 00:00:06.90
[2026-02-21T12:45:52.883Z] [INFO] FFmpeg progress: 3.0000000000000004% - 00:00:07.20
[2026-02-21T12:45:53.441Z] [INFO] FFmpeg progress: 3.3208333333333333% - 00:00:07.97
[2026-02-21T12:45:54.179Z] [INFO] FFmpeg progress: 3.5791666666666666% - 00:00:08.59
[2026-02-21T12:45:54.712Z] [INFO] FFmpeg progress: 3.995833333333333% - 00:00:09.59
[2026-02-21T12:45:55.220Z] [INFO] FFmpeg progress: 4.325% - 00:00:10.38
[2026-02-21T12:45:55.720Z] [INFO] FFmpeg progress: 4.4208333333333325% - 00:00:10.61
[2026-02-21T12:45:56.232Z] [INFO] FFmpeg progress: 4.820833333333333% - 00:00:11.57
[2026-02-21T12:45:56.733Z] [INFO] FFmpeg progress: 5.195833333333334% - 00:00:12.47
[2026-02-21T12:45:57.299Z] [INFO] FFmpeg progress: 5.2749999999999995% - 00:00:12.66
[2026-02-21T12:45:57.801Z] [INFO] FFmpeg progress: 5.675% - 00:00:13.62
[2026-02-21T12:45:59.324Z] [INFO] FFmpeg progress: 5.770833333333333% - 00:00:13.85
[2026-02-21T12:45:59.454Z] [INFO] Conversion complete: C:\Users\oluegwuc\Videos\Recording_2026-02-21T12-45-42-432Z.mp4
[2026-02-21T12:45:59.456Z] [INFO] Recording converted and saved: C:\Users\oluegwuc\Videos\Recording_2026-02-21T12-45-42-432Z.mp4
[2026-02-21T12:46:06.713Z] [INFO] Application closing
[2026-02-21T12:53:00.128Z] [INFO] Logger initialized
[2026-02-21T12:53:00.134Z] [INFO] Application starting...
[2026-02-21T12:53:00.134Z] [INFO] Running in development mode
[2026-02-21T12:53:00.381Z] [INFO] System tray created
[2026-02-21T12:53:00.381Z] [INFO] Global shortcut registered: F9
[2026-02-21T12:53:01.618Z] [INFO] Main window ready
[2026-02-21T12:54:08.955Z] [INFO] Global shortcut registered: F9
[2026-02-21T12:54:18.144Z] [INFO] Recording tray created
[2026-02-21T12:54:26.731Z] [INFO] Paused tray created
[2026-02-21T12:54:32.703Z] [INFO] Recording tray created
[2026-02-21T12:54:57.287Z] [INFO] System tray created
[2026-02-21T12:55:01.962Z] [INFO] Recording saved to temp: C:\Users\oluegwuc\AppData\Local\Temp\temp_recording_1771678501947.webm, size: 12351287 bytes
[2026-02-21T12:55:02.343Z] [INFO] FFmpeg started: ffmpeg -i C:\Users\oluegwuc\AppData\Local\Temp\temp_recording_1771678501947.webm -y -c:v libx264 -crf 18 -preset slow -movflags +faststart -pix_fmt yuv420p -vsync cfr -force_key_frames expr:gte(t,n_forced*2) -r 24 -c:a aac -b:a 128k -f mp4 C:\Users\oluegwuc\Videos\Recording_2026-02-21T12-54-57-458Z.mp4
[2026-02-21T12:55:02.527Z] [INFO] FFmpeg progress: 0.10416666666666667% - 00:00:00.25
[2026-02-21T12:55:03.032Z] [INFO] FFmpeg progress: 0.8500000000000001% - 00:00:02.04
[2026-02-21T12:55:03.546Z] [INFO] FFmpeg progress: 1.0458333333333332% - 00:00:02.51
[2026-02-21T12:55:04.066Z] [INFO] FFmpeg progress: 1.1% - 00:00:02.64
[2026-02-21T12:55:04.595Z] [INFO] FFmpeg progress: 1.2791666666666666% - 00:00:03.07
[2026-02-21T12:55:05.119Z] [INFO] FFmpeg progress: 1.475% - 00:00:03.54
[2026-02-21T12:55:05.632Z] [INFO] FFmpeg progress: 1.7041666666666666% - 00:00:04.09
[2026-02-21T12:55:06.451Z] [INFO] FFmpeg progress: 1.9291666666666665% - 00:00:04.63
[2026-02-21T12:55:06.951Z] [INFO] FFmpeg progress: 2.3% - 00:00:05.52
[2026-02-21T12:55:07.463Z] [INFO] FFmpeg progress: 2.6291666666666664% - 00:00:06.31
[2026-02-21T12:55:07.976Z] [INFO] FFmpeg progress: 2.8000000000000003% - 00:00:06.72
[2026-02-21T12:55:08.497Z] [INFO] FFmpeg progress: 3.225% - 00:00:07.74
[2026-02-21T12:55:09.343Z] [INFO] FFmpeg progress: 3.6000000000000005% - 00:00:08.64
[2026-02-21T12:55:09.842Z] [INFO] FFmpeg progress: 4% - 00:00:09.60
[2026-02-21T12:55:10.668Z] [INFO] FFmpeg progress: 4.425% - 00:00:10.62
[2026-02-21T12:55:11.227Z] [INFO] FFmpeg progress: 4.8% - 00:00:11.52
[2026-02-21T12:55:11.735Z] [INFO] FFmpeg progress: 5.2% - 00:00:12.48
[2026-02-21T12:55:12.239Z] [INFO] FFmpeg progress: 5.375% - 00:00:12.90
[2026-02-21T12:55:12.755Z] [INFO] FFmpeg progress: 5.85% - 00:00:14.04
[2026-02-21T12:55:13.310Z] [INFO] FFmpeg progress: 6.025% - 00:00:14.46
[2026-02-21T12:55:13.814Z] [INFO] FFmpeg progress: 6.229166666666666% - 00:00:14.95
[2026-02-21T12:55:14.338Z] [INFO] FFmpeg progress: 6.525% - 00:00:15.66
[2026-02-21T12:55:14.851Z] [INFO] FFmpeg progress: 6.904166666666667% - 00:00:16.57
[2026-02-21T12:55:15.365Z] [INFO] FFmpeg progress: 6.925000000000001% - 00:00:16.62
[2026-02-21T12:55:15.888Z] [INFO] FFmpeg progress: 7.324999999999999% - 00:00:17.58
[2026-02-21T12:55:16.392Z] [INFO] FFmpeg progress: 7.725% - 00:00:18.54
[2026-02-21T12:55:17.050Z] [INFO] FFmpeg progress: 7.85% - 00:00:18.84
[2026-02-21T12:55:17.582Z] [INFO] FFmpeg progress: 8.204166666666666% - 00:00:19.69
[2026-02-21T12:55:18.098Z] [INFO] FFmpeg progress: 8.549999999999999% - 00:00:20.52
[2026-02-21T12:55:18.712Z] [INFO] FFmpeg progress: 8.629166666666666% - 00:00:20.71
[2026-02-21T12:55:19.351Z] [INFO] FFmpeg progress: 8.975% - 00:00:21.54
[2026-02-21T12:55:19.850Z] [INFO] FFmpeg progress: 9.129166666666668% - 00:00:21.91
[2026-02-21T12:55:20.561Z] [INFO] FFmpeg progress: 9.35% - 00:00:22.44
[2026-02-21T12:55:21.438Z] [INFO] FFmpeg progress: 9.474999999999998% - 00:00:22.74
[2026-02-21T12:55:21.910Z] [INFO] FFmpeg progress: 9.583333333333334% - 00:00:23.00
[2026-02-21T12:55:22.448Z] [INFO] FFmpeg progress: 9.804166666666667% - 00:00:23.53
[2026-02-21T12:55:23.021Z] [INFO] FFmpeg progress: 9.954166666666667% - 00:00:23.89
[2026-02-21T12:55:23.521Z] [INFO] FFmpeg progress: 10.204166666666666% - 00:00:24.49
[2026-02-21T12:55:24.148Z] [INFO] FFmpeg progress: 10.299999999999999% - 00:00:24.72
[2026-02-21T12:55:24.667Z] [INFO] FFmpeg progress: 10.604166666666666% - 00:00:25.45
[2026-02-21T12:55:25.272Z] [INFO] FFmpeg progress: 10.95% - 00:00:26.28
[2026-02-21T12:55:25.975Z] [INFO] FFmpeg progress: 11.075% - 00:00:26.58
[2026-02-21T12:55:26.477Z] [INFO] FFmpeg progress: 11.404166666666667% - 00:00:27.37
[2026-02-21T12:55:26.988Z] [INFO] FFmpeg progress: 11.679166666666667% - 00:00:28.03
[2026-02-21T12:55:27.796Z] [INFO] FFmpeg progress: 11.899999999999999% - 00:00:28.56
[2026-02-21T12:55:28.316Z] [INFO] FFmpeg progress: 12.229166666666668% - 00:00:29.35
[2026-02-21T12:55:28.835Z] [INFO] FFmpeg progress: 12.604166666666666% - 00:00:30.25
[2026-02-21T12:55:29.669Z] [INFO] FFmpeg progress: 12.754166666666666% - 00:00:30.61
[2026-02-21T12:55:30.195Z] [INFO] FFmpeg progress: 13.129166666666666% - 00:00:31.51
[2026-02-21T12:55:30.710Z] [INFO] FFmpeg progress: 13.404166666666667% - 00:00:32.17
[2026-02-21T12:55:31.538Z] [INFO] FFmpeg progress: 13.583333333333334% - 00:00:32.60
[2026-02-21T12:55:32.043Z] [INFO] FFmpeg progress: 13.787500000000003% - 00:00:33.09
[2026-02-21T12:55:34.637Z] [INFO] FFmpeg progress: 13.804166666666667% - 00:00:33.13
[2026-02-21T12:55:34.784Z] [INFO] Conversion complete: C:\Users\oluegwuc\Videos\Recording_2026-02-21T12-54-57-458Z.mp4
[2026-02-21T12:55:34.789Z] [INFO] Recording converted and saved: C:\Users\oluegwuc\Videos\Recording_2026-02-21T12-54-57-458Z.mp4
[2026-02-21T12:57:30.121Z] [INFO] Global shortcut registered: F9
[2026-02-21T12:59:21.927Z] [INFO] Recording tray created
[2026-02-21T13:00:58.622Z] [INFO] System tray created
[2026-02-21T13:01:04.619Z] [INFO] Recording saved to temp: C:\Users\oluegwuc\AppData\Local\Temp\temp_recording_1771678864596.webm, size: 17550309 bytes
[2026-02-21T13:01:04.645Z] [INFO] FFmpeg started: ffmpeg -i C:\Users\oluegwuc\AppData\Local\Temp\temp_recording_1771678864596.webm -y -c:v libx264 -crf 18 -preset slow -movflags +faststart -pix_fmt yuv420p -vsync cfr -force_key_frames expr:gte(t,n_forced*2) -r 24 -c:a aac -b:a 128k -f mp4 C:\Users\oluegwuc\Videos\Recording_2026-02-21T13-00-58-910Z.mp4
[2026-02-21T13:01:04.961Z] [INFO] FFmpeg progress: 0.14166666666666666% - 00:00:00.34
[2026-02-21T13:01:05.845Z] [INFO] FFmpeg progress: 1.0208333333333335% - 00:00:02.45
[2026-02-21T13:01:06.353Z] [INFO] FFmpeg progress: 1.1458333333333333% - 00:00:02.75
[2026-02-21T13:01:06.869Z] [INFO] FFmpeg progress: 1.4375% - 00:00:03.45
[2026-02-21T13:01:07.368Z] [INFO] FFmpeg progress: 1.6416666666666666% - 00:00:03.94
[2026-02-21T13:01:08.320Z] [INFO] FFmpeg progress: 1.9166666666666665% - 00:00:04.60
[2026-02-21T13:01:08.840Z] [INFO] FFmpeg progress: 2.220833333333333% - 00:00:05.33
[2026-02-21T13:01:09.455Z] [INFO] FFmpeg progress: 2.5916666666666663% - 00:00:06.22
[2026-02-21T13:01:09.998Z] [INFO] FFmpeg progress: 2.8166666666666664% - 00:00:06.76
[2026-02-21T13:01:10.563Z] [INFO] FFmpeg progress: 3.170833333333333% - 00:00:07.61
[2026-02-21T13:01:11.022Z] [INFO] FFmpeg progress: 3.491666666666667% - 00:00:08.38
[2026-02-21T13:01:11.734Z] [INFO] FFmpeg progress: 3.6708333333333334% - 00:00:08.81
[2026-02-21T13:01:12.265Z] [INFO] FFmpeg progress: 3.9875000000000003% - 00:00:09.57
[2026-02-21T13:01:12.777Z] [INFO] FFmpeg progress: 4.387499999999999% - 00:00:10.53
[2026-02-21T13:01:13.384Z] [INFO] FFmpeg progress: 4.441666666666666% - 00:00:10.66
[2026-02-21T13:01:13.892Z] [INFO] FFmpeg progress: 4.816666666666667% - 00:00:11.56
[2026-02-21T13:01:14.400Z] [INFO] FFmpeg progress: 5.1875% - 00:00:12.45
[2026-02-21T13:01:14.902Z] [INFO] FFmpeg progress: 5.3125% - 00:00:12.75
[2026-02-21T13:01:15.407Z] [INFO] FFmpeg progress: 5.820833333333334% - 00:00:13.97
[2026-02-21T13:01:16.112Z] [INFO] FFmpeg progress: 6.1125% - 00:00:14.67
[2026-02-21T13:01:16.832Z] [INFO] FFmpeg progress: 6.691666666666666% - 00:00:16.06
[2026-02-21T13:01:17.460Z] [INFO] FFmpeg progress: 6.941666666666666% - 00:00:16.66
[2026-02-21T13:01:17.957Z] [INFO] FFmpeg progress: 7.420833333333333% - 00:00:17.81
[2026-02-21T13:01:18.583Z] [INFO] FFmpeg progress: 7.741666666666666% - 00:00:18.58
[2026-02-21T13:01:19.122Z] [INFO] FFmpeg progress: 8.2625% - 00:00:19.83
[2026-02-21T13:01:19.773Z] [INFO] FFmpeg progress: 8.566666666666665% - 00:00:20.56
[2026-02-21T13:01:20.279Z] [INFO] FFmpeg progress: 9.091666666666667% - 00:00:21.82
[2026-02-21T13:01:21.049Z] [INFO] FFmpeg progress: 9.420833333333333% - 00:00:22.61
[2026-02-21T13:01:21.599Z] [INFO] FFmpeg progress: 9.945833333333335% - 00:00:23.87
[2026-02-21T13:01:22.178Z] [INFO] FFmpeg progress: 10.291666666666668% - 00:00:24.70
[2026-02-21T13:01:22.682Z] [INFO] FFmpeg progress: 10.7875% - 00:00:25.89
[2026-02-21T13:01:23.303Z] [INFO] FFmpeg progress: 11.145833333333334% - 00:00:26.75
[2026-02-21T13:01:23.814Z] [INFO] FFmpeg progress: 11.587499999999999% - 00:00:27.81
[2026-02-21T13:01:24.597Z] [INFO] FFmpeg progress: 11.970833333333333% - 00:00:28.73
[2026-02-21T13:01:25.108Z] [INFO] FFmpeg progress: 12.316666666666666% - 00:00:29.56
[2026-02-21T13:01:25.969Z] [INFO] FFmpeg progress: 12.770833333333334% - 00:00:30.65
[2026-02-21T13:01:26.193Z] [INFO] FFmpeg progress: 12.895833333333334% - 00:00:30.95
[2026-02-21T13:01:26.702Z] [INFO] FFmpeg progress: 13.3125% - 00:00:31.95
[2026-02-21T13:01:27.204Z] [INFO] FFmpeg progress: 13.491666666666669% - 00:00:32.38
[2026-02-21T13:01:27.779Z] [INFO] FFmpeg progress: 13.616666666666665% - 00:00:32.68
[2026-02-21T13:01:28.305Z] [INFO] FFmpeg progress: 14.070833333333335% - 00:00:33.77
[2026-02-21T13:01:29.087Z] [INFO] FFmpeg progress: 14.470833333333333% - 00:00:34.73
[2026-02-21T13:01:29.606Z] [INFO] FFmpeg progress: 14.912500000000001% - 00:00:35.79
[2026-02-21T13:01:30.516Z] [INFO] FFmpeg progress: 15.295833333333334% - 00:00:36.71
[2026-02-21T13:01:31.036Z] [INFO] FFmpeg progress: 15.820833333333335% - 00:00:37.97
[2026-02-21T13:01:31.574Z] [INFO] FFmpeg progress: 16.14166666666667% - 00:00:38.74
[2026-02-21T13:01:32.080Z] [INFO] FFmpeg progress: 16.716666666666665% - 00:00:40.12
[2026-02-21T13:01:32.598Z] [INFO] FFmpeg progress: 16.991666666666667% - 00:00:40.78
[2026-02-21T13:01:33.099Z] [INFO] FFmpeg progress: 17.4625% - 00:00:41.91
[2026-02-21T13:01:33.672Z] [INFO] FFmpeg progress: 17.820833333333336% - 00:00:42.77
[2026-02-21T13:01:34.206Z] [INFO] FFmpeg progress: 18.416666666666668% - 00:00:44.20
[2026-02-21T13:01:34.775Z] [INFO] FFmpeg progress: 18.620833333333334% - 00:00:44.69
[2026-02-21T13:01:35.353Z] [INFO] FFmpeg progress: 19.116666666666667% - 00:00:45.88
[2026-02-21T13:01:35.909Z] [INFO] FFmpeg progress: 19.4625% - 00:00:46.71
[2026-02-21T13:01:36.462Z] [INFO] FFmpeg progress: 20.070833333333336% - 00:00:48.17
[2026-02-21T13:01:37.045Z] [INFO] FFmpeg progress: 20.2625% - 00:00:48.63
[2026-02-21T13:01:37.547Z] [INFO] FFmpeg progress: 20.745833333333334% - 00:00:49.79
[2026-02-21T13:01:38.311Z] [INFO] FFmpeg progress: 21.1875% - 00:00:50.85
[2026-02-21T13:01:38.907Z] [INFO] FFmpeg progress: 21.491666666666667% - 00:00:51.58
[2026-02-21T13:01:39.414Z] [INFO] FFmpeg progress: 21.945833333333333% - 00:00:52.67
[2026-02-21T13:01:39.917Z] [INFO] FFmpeg progress: 22.041666666666664% - 00:00:52.90
[2026-02-21T13:01:40.423Z] [INFO] FFmpeg progress: 22.2625% - 00:00:53.43
[2026-02-21T13:01:40.980Z] [INFO] FFmpeg progress: 22.69166666666667% - 00:00:54.46
[2026-02-21T13:01:41.499Z] [INFO] FFmpeg progress: 22.787499999999998% - 00:00:54.69
[2026-02-21T13:01:42.066Z] [INFO] FFmpeg progress: 23.270833333333336% - 00:00:55.85
[2026-02-21T13:01:42.829Z] [INFO] FFmpeg progress: 23.670833333333334% - 00:00:56.81
[2026-02-21T13:01:43.363Z] [INFO] FFmpeg progress: 24.070833333333336% - 00:00:57.77
[2026-02-21T13:01:43.859Z] [INFO] FFmpeg progress: 24.2625% - 00:00:58.23
[2026-02-21T13:01:44.381Z] [INFO] FFmpeg progress: 24.5125% - 00:00:58.83
[2026-02-21T13:01:44.912Z] [INFO] FFmpeg progress: 24.912499999999998% - 00:00:59.79
[2026-02-21T13:01:45.809Z] [INFO] FFmpeg progress: 25.295833333333334% - 00:01:00.71
[2026-02-21T13:01:46.324Z] [INFO] FFmpeg progress: 25.695833333333333% - 00:01:01.67
[2026-02-21T13:01:47.313Z] [INFO] FFmpeg progress: 26.166666666666664% - 00:01:02.80
[2026-02-21T13:01:47.894Z] [INFO] FFmpeg progress: 26.47083333333333% - 00:01:03.53
[2026-02-21T13:01:48.469Z] [INFO] FFmpeg progress: 26.716666666666665% - 00:01:04.12
[2026-02-21T13:01:49.530Z] [INFO] FFmpeg progress: 26.966666666666665% - 00:01:04.72
[2026-02-21T13:01:50.031Z] [INFO] FFmpeg progress: 27.295833333333334% - 00:01:05.51
[2026-02-21T13:01:50.546Z] [INFO] FFmpeg progress: 27.570833333333333% - 00:01:06.17
[2026-02-21T13:01:51.404Z] [INFO] FFmpeg progress: 27.8375% - 00:01:06.81
[2026-02-21T13:01:51.909Z] [INFO] FFmpeg progress: 28.14166666666667% - 00:01:07.54
[2026-02-21T13:01:52.464Z] [INFO] FFmpeg progress: 28.3875% - 00:01:08.13
[2026-02-21T13:01:53.196Z] [INFO] FFmpeg progress: 28.662499999999998% - 00:01:08.79
[2026-02-21T13:01:53.696Z] [INFO] FFmpeg progress: 29.020833333333336% - 00:01:09.65
[2026-02-21T13:01:54.196Z] [INFO] FFmpeg progress: 29.391666666666666% - 00:01:10.54
[2026-02-21T13:01:54.736Z] [INFO] FFmpeg progress: 29.5875% - 00:01:11.01
[2026-02-21T13:01:55.276Z] [INFO] FFmpeg progress: 29.945833333333333% - 00:01:11.87
[2026-02-21T13:01:56.100Z] [INFO] FFmpeg progress: 30.31666666666667% - 00:01:12.76
[2026-02-21T13:01:56.666Z] [INFO] FFmpeg progress: 30.662500000000005% - 00:01:13.59
[2026-02-21T13:01:57.177Z] [INFO] FFmpeg progress: 30.895833333333332% - 00:01:14.15
[2026-02-21T13:01:57.993Z] [INFO] FFmpeg progress: 31.145833333333332% - 00:01:14.75
[2026-02-21T13:01:58.500Z] [INFO] FFmpeg progress: 31.491666666666667% - 00:01:15.58
[2026-02-21T13:01:59.110Z] [INFO] FFmpeg progress: 31.916666666666664% - 00:01:16.60
[2026-02-21T13:01:59.688Z] [INFO] FFmpeg progress: 31.97083333333334% - 00:01:16.73
[2026-02-21T13:02:00.325Z] [INFO] FFmpeg progress: 32.2625% - 00:01:17.43
[2026-02-21T13:02:00.981Z] [INFO] FFmpeg progress: 32.62083333333333% - 00:01:18.29
[2026-02-21T13:02:01.621Z] [INFO] FFmpeg progress: 32.81666666666666% - 00:01:18.76
[2026-02-21T13:02:02.131Z] [INFO] FFmpeg progress: 33.14583333333333% - 00:01:19.55
[2026-02-21T13:02:02.807Z] [INFO] FFmpeg progress: 33.57083333333333% - 00:01:20.57
[2026-02-21T13:02:03.342Z] [INFO] FFmpeg progress: 33.74166666666667% - 00:01:20.98
[2026-02-21T13:02:03.844Z] [INFO] FFmpeg progress: 34.19166666666667% - 00:01:22.06
[2026-02-21T13:02:04.394Z] [INFO] FFmpeg progress: 34.49583333333333% - 00:01:22.79
[2026-02-21T13:02:04.900Z] [INFO] FFmpeg progress: 35.020833333333336% - 00:01:24.05
[2026-02-21T13:02:05.582Z] [INFO] FFmpeg progress: 35.3125% - 00:01:24.75
[2026-02-21T13:02:06.120Z] [INFO] FFmpeg progress: 35.5875% - 00:01:25.41
[2026-02-21T13:02:06.634Z] [INFO] FFmpeg progress: 35.891666666666666% - 00:01:26.14
[2026-02-21T13:02:07.265Z] [INFO] FFmpeg progress: 36.112500000000004% - 00:01:26.67
[2026-02-21T13:02:07.775Z] [INFO] FFmpeg progress: 36.41666666666667% - 00:01:27.40
[2026-02-21T13:02:08.317Z] [INFO] FFmpeg progress: 36.6375% - 00:01:27.93
[2026-02-21T13:02:08.843Z] [INFO] FFmpeg progress: 36.81666666666666% - 00:01:28.36
[2026-02-21T13:02:09.534Z] [INFO] FFmpeg progress: 36.94166666666667% - 00:01:28.66
[2026-02-21T13:02:10.075Z] [INFO] FFmpeg progress: 37.49166666666667% - 00:01:29.98
[2026-02-21T13:02:10.629Z] [INFO] FFmpeg progress: 37.8375% - 00:01:30.81
[2026-02-21T13:02:11.158Z] [INFO] FFmpeg progress: 38.44166666666666% - 00:01:32.26
[2026-02-21T13:02:11.842Z] [INFO] FFmpeg progress: 38.62083333333333% - 00:01:32.69
[2026-02-21T13:02:12.354Z] [INFO] FFmpeg progress: 39.270833333333336% - 00:01:34.25
[2026-02-21T13:02:12.860Z] [INFO] FFmpeg progress: 39.67083333333334% - 00:01:35.21
[2026-02-21T13:02:13.371Z] [INFO] FFmpeg progress: 40.19166666666667% - 00:01:36.46
[2026-02-21T13:02:14.582Z] [INFO] FFmpeg progress: 40.262499999999996% - 00:01:36.63
[2026-02-21T13:02:14.732Z] [INFO] Conversion complete: C:\Users\oluegwuc\Videos\Recording_2026-02-21T13-00-58-910Z.mp4
[2026-02-21T13:02:14.737Z] [INFO] Recording converted and saved: C:\Users\oluegwuc\Videos\Recording_2026-02-21T13-00-58-910Z.mp4
[2026-02-21T13:02:58.949Z] [INFO] Logger initialized
[2026-02-21T13:02:58.952Z] [INFO] Application starting...
[2026-02-21T13:02:58.952Z] [INFO] Running in development mode
[2026-02-21T13:02:59.126Z] [INFO] System tray created
[2026-02-21T13:02:59.126Z] [INFO] Global shortcut registered: F9
[2026-02-21T13:03:02.252Z] [INFO] Main window ready
[2026-02-21T13:03:18.640Z] [INFO] Application closing
[2026-02-21T13:03:20.911Z] [INFO] Application closing
[2026-02-21T13:04:14.045Z] [INFO] Logger initialized
[2026-02-21T13:04:14.050Z] [INFO] Application starting...
[2026-02-21T13:04:14.050Z] [INFO] Running in development mode
[2026-02-21T13:04:14.212Z] [INFO] System tray created
[2026-02-21T13:04:14.226Z] [INFO] Global shortcut registered: F9
[2026-02-21T13:04:15.022Z] [INFO] Main window ready
[2026-02-21T13:04:35.983Z] [INFO] Recording tray created
[2026-02-21T13:04:53.768Z] [INFO] System tray created
[2026-02-21T13:04:58.056Z] [INFO] Recording saved to temp: C:\Users\oluegwuc\AppData\Local\Temp\temp_recording_1771679098043.webm, size: 9685682 bytes
[2026-02-21T13:04:58.400Z] [INFO] FFmpeg started: ffmpeg -i C:\Users\oluegwuc\AppData\Local\Temp\temp_recording_1771679098043.webm -y -c:v libx264 -crf 18 -preset slow -movflags +faststart -pix_fmt yuv420p -vsync cfr -force_key_frames expr:gte(t,n_forced*2) -r 24 -c:a aac -b:a 128k -f mp4 C:\Users\oluegwuc\Videos\Recording_2026-02-21T13-04-53-889Z.mp4
[2026-02-21T13:04:58.577Z] [INFO] FFmpeg progress: 0.075% - 00:00:00.18
[2026-02-21T13:04:59.341Z] [INFO] FFmpeg progress: 1% - 00:00:02.40
[2026-02-21T13:04:59.870Z] [INFO] FFmpeg progress: 1.070833333333333% - 00:00:02.57
[2026-02-21T13:05:00.522Z] [INFO] FFmpeg progress: 1.3458333333333332% - 00:00:03.23
[2026-02-21T13:05:01.027Z] [INFO] FFmpeg progress: 1.5541666666666667% - 00:00:03.73
[2026-02-21T13:05:01.547Z] [INFO] FFmpeg progress: 1.6749999999999998% - 00:00:04.02
[2026-02-21T13:05:02.094Z] [INFO] FFmpeg progress: 1.8000000000000003% - 00:00:04.32
[2026-02-21T13:05:02.677Z] [INFO] FFmpeg progress: 1.925% - 00:00:04.62
[2026-02-21T13:05:03.196Z] [INFO] FFmpeg progress: 2.0500000000000003% - 00:00:04.92
[2026-02-21T13:05:03.716Z] [INFO] FFmpeg progress: 2.2458333333333336% - 00:00:05.39
[2026-02-21T13:05:04.231Z] [INFO] FFmpeg progress: 2.475% - 00:00:05.94
[2026-02-21T13:05:05.185Z] [INFO] FFmpeg progress: 2.725% - 00:00:06.54
[2026-02-21T13:05:05.719Z] [INFO] FFmpeg progress: 2.9749999999999996% - 00:00:07.14
[2026-02-21T13:05:06.496Z] [INFO] FFmpeg progress: 3.3208333333333333% - 00:00:07.97
[2026-02-21T13:05:07.420Z] [INFO] FFmpeg progress: 3.65% - 00:00:08.76
[2026-02-21T13:05:07.934Z] [INFO] FFmpeg progress: 3.925% - 00:00:09.42
[2026-02-21T13:05:08.511Z] [INFO] FFmpeg progress: 4.245833333333334% - 00:00:10.19
[2026-02-21T13:05:09.366Z] [INFO] FFmpeg progress: 4.45% - 00:00:10.68
[2026-02-21T13:05:09.851Z] [INFO] FFmpeg progress: 4.779166666666667% - 00:00:11.47
[2026-02-21T13:05:10.378Z] [INFO] FFmpeg progress: 5.1000000000000005% - 00:00:12.24
[2026-02-21T13:05:11.099Z] [INFO] FFmpeg progress: 5.304166666666667% - 00:00:12.73
[2026-02-21T13:05:11.613Z] [INFO] FFmpeg progress: 5.65% - 00:00:13.56
[2026-02-21T13:05:12.119Z] [INFO] FFmpeg progress: 5.9% - 00:00:14.16
[2026-02-21T13:05:12.909Z] [INFO] FFmpeg progress: 6.104166666666667% - 00:00:14.65
[2026-02-21T13:05:13.488Z] [INFO] FFmpeg progress: 6.425% - 00:00:15.42
[2026-02-21T13:05:14.091Z] [INFO] FFmpeg progress: 6.629166666666666% - 00:00:15.91
[2026-02-21T13:05:14.638Z] [INFO] FFmpeg progress: 6.824999999999999% - 00:00:16.38
[2026-02-21T13:05:15.233Z] [INFO] FFmpeg progress: 6.945833333333335% - 00:00:16.67
[2026-02-21T13:05:15.750Z] [INFO] FFmpeg progress: 7.320833333333334% - 00:00:17.57
[2026-02-21T13:05:17.357Z] [INFO] FFmpeg progress: 7.375% - 00:00:17.70
[2026-02-21T13:05:17.492Z] [INFO] Conversion complete: C:\Users\oluegwuc\Videos\Recording_2026-02-21T13-04-53-889Z.mp4
[2026-02-21T13:05:17.496Z] [INFO] Recording converted and saved: C:\Users\oluegwuc\Videos\Recording_2026-02-21T13-04-53-889Z.mp4
[2026-02-21T13:06:22.248Z] [INFO] Recording tray created
[2026-02-21T13:06:37.548Z] [INFO] System tray created
[2026-02-21T13:06:43.547Z] [INFO] Recording saved to temp: C:\Users\oluegwuc\AppData\Local\Temp\temp_recording_1771679203543.webm, size: 2018961 bytes
[2026-02-21T13:06:43.576Z] [INFO] FFmpeg started: ffmpeg -i C:\Users\oluegwuc\AppData\Local\Temp\temp_recording_1771679203543.webm -y -c:v libx264 -crf 18 -preset slow -movflags +faststart -pix_fmt yuv420p -vsync cfr -force_key_frames expr:gte(t,n_forced*2) -r 24 -c:a aac -b:a 128k -f mp4 C:\Users\oluegwuc\Videos\Recording_2026-02-21T13-06-37-617Z.mp4
[2026-02-21T13:06:43.766Z] [INFO] FFmpeg progress: 0.1% - 00:00:00.24
[2026-02-21T13:06:44.443Z] [INFO] FFmpeg progress: 0.9958333333333335% - 00:00:02.39
[2026-02-21T13:06:44.948Z] [INFO] FFmpeg progress: 1.2166666666666666% - 00:00:02.92
[2026-02-21T13:06:45.493Z] [INFO] FFmpeg progress: 1.3958333333333333% - 00:00:03.35
[2026-02-21T13:06:46.039Z] [INFO] FFmpeg progress: 1.7708333333333333% - 00:00:04.25
[2026-02-21T13:06:46.584Z] [INFO] FFmpeg progress: 1.975% - 00:00:04.74
[2026-02-21T13:06:47.087Z] [INFO] FFmpeg progress: 2.1958333333333333% - 00:00:05.27
[2026-02-21T13:06:47.645Z] [INFO] FFmpeg progress: 2.666666666666667% - 00:00:06.40
[2026-02-21T13:06:48.147Z] [INFO] FFmpeg progress: 3.066666666666667% - 00:00:07.36
[2026-02-21T13:06:48.757Z] [INFO] FFmpeg progress: 3.6458333333333335% - 00:00:08.75
[2026-02-21T13:06:49.258Z] [INFO] FFmpeg progress: 4.320833333333333% - 00:00:10.37
[2026-02-21T13:06:49.777Z] [INFO] FFmpeg progress: 4.695833333333333% - 00:00:11.27
[2026-02-21T13:06:50.442Z] [INFO] FFmpeg progress: 5.300000000000001% - 00:00:12.72
[2026-02-21T13:06:50.943Z] [INFO] FFmpeg progress: 5.945833333333333% - 00:00:14.27
[2026-02-21T13:06:51.482Z] [INFO] FFmpeg progress: 6.329166666666667% - 00:00:15.19
[2026-02-21T13:06:52.231Z] [INFO] FFmpeg progress: 6.345833333333334% - 00:00:15.23
[2026-02-21T13:06:52.359Z] [INFO] Conversion complete: C:\Users\oluegwuc\Videos\Recording_2026-02-21T13-06-37-617Z.mp4
[2026-02-21T13:06:52.360Z] [INFO] Recording converted and saved: C:\Users\oluegwuc\Videos\Recording_2026-02-21T13-06-37-617Z.mp4
[2026-02-21T13:07:47.233Z] [INFO] Recording tray created
[2026-02-21T13:07:49.710Z] [INFO] Stop recording triggered via global shortcut
[2026-02-21T13:07:53.663Z] [INFO] System tray created
[2026-02-21T13:07:56.185Z] [INFO] Recording saved to temp: C:\Users\oluegwuc\AppData\Local\Temp\temp_recording_1771679276180.webm, size: 2682161 bytes
[2026-02-21T13:07:56.224Z] [INFO] FFmpeg started: ffmpeg -i C:\Users\oluegwuc\AppData\Local\Temp\temp_recording_1771679276180.webm -y -c:v libx264 -crf 18 -preset slow -movflags +faststart -pix_fmt yuv420p -vsync cfr -force_key_frames expr:gte(t,n_forced*2) -r 24 -c:a aac -b:a 128k -f mp4 C:\Users\oluegwuc\Videos\Recording_2026-02-21T13-07-53-710Z.mp4
[2026-02-21T13:07:56.439Z] [INFO] FFmpeg progress: 0.1% - 00:00:00.24
[2026-02-21T13:07:57.211Z] [INFO] FFmpeg progress: 0.9958333333333335% - 00:00:02.39
[2026-02-21T13:07:57.813Z] [INFO] FFmpeg progress: 1.2458333333333333% - 00:00:02.99
[2026-02-21T13:07:58.339Z] [INFO] FFmpeg progress: 1.4416666666666667% - 00:00:03.46
[2026-02-21T13:07:58.918Z] [INFO] FFmpeg progress: 1.7166666666666668% - 00:00:04.12
[2026-02-21T13:07:59.558Z] [INFO] FFmpeg progress: 1.9208333333333334% - 00:00:04.61
[2026-02-21T13:08:00.189Z] [INFO] FFmpeg progress: 2.1708333333333334% - 00:00:05.21
[2026-02-21T13:08:00.719Z] [INFO] FFmpeg progress: 2.5166666666666666% - 00:00:06.04
[2026-02-21T13:08:02.319Z] [INFO] FFmpeg progress: 2.6500000000000004% - 00:00:06.36
[2026-02-21T13:08:02.453Z] [INFO] Conversion complete: C:\Users\oluegwuc\Videos\Recording_2026-02-21T13-07-53-710Z.mp4
[2026-02-21T13:08:02.455Z] [INFO] Recording converted and saved: C:\Users\oluegwuc\Videos\Recording_2026-02-21T13-07-53-710Z.mp4
[2026-02-21T13:11:11.351Z] [INFO] Recording tray created
[2026-02-21T13:11:25.394Z] [INFO] System tray created
[2026-02-21T13:13:07.010Z] [INFO] Save dialog canceled
[2026-02-21T13:13:11.567Z] [INFO] Logger initialized
[2026-02-21T13:13:11.578Z] [INFO] Application starting...
[2026-02-21T13:13:11.578Z] [INFO] Running in development mode
[2026-02-21T13:13:11.775Z] [INFO] System tray created
[2026-02-21T13:13:11.775Z] [INFO] Global shortcut registered: F9
[2026-02-21T13:13:14.921Z] [INFO] Main window ready
[2026-02-21T13:14:23.283Z] [INFO] Application closing
[2026-02-21T13:14:28.116Z] [INFO] Application closing
[2026-02-21T13:14:36.557Z] [INFO] Logger initialized
[2026-02-21T13:14:36.563Z] [INFO] Application starting...
[2026-02-21T13:14:36.563Z] [INFO] Running in development mode
[2026-02-21T13:14:36.722Z] [INFO] System tray created
[2026-02-21T13:14:36.725Z] [INFO] Global shortcut registered: F9
[2026-02-21T13:14:37.569Z] [INFO] Main window ready
[2026-02-21T13:14:50.465Z] [INFO] Recording tray created
[2026-02-21T13:14:54.523Z] [INFO] Stop recording triggered via global shortcut
[2026-02-21T13:14:54.596Z] [INFO] System tray created
[2026-02-21T13:15:01.460Z] [INFO] Recording saved to temp: C:\Users\oluegwuc\AppData\Local\Temp\temp_recording_1771679701457.webm, size: 1664698 bytes
[2026-02-21T13:15:01.753Z] [INFO] FFmpeg started: ffmpeg -i C:\Users\oluegwuc\AppData\Local\Temp\temp_recording_1771679701457.webm -y -c:v libx264 -crf 18 -preset slow -movflags +faststart -pix_fmt yuv420p -vsync cfr -force_key_frames expr:gte(t,n_forced*2) -r 24 -c:a aac -b:a 128k -f mp4 C:\Users\oluegwuc\Videos\Recording_2026-02-21T13-14-54-647Z.mp4
[2026-02-21T13:15:01.921Z] [INFO] FFmpeg progress: 0.09583333333333334% - 00:00:00.23
[2026-02-21T13:15:02.612Z] [INFO] FFmpeg progress: 1.0208333333333335% - 00:00:02.45
[2026-02-21T13:15:03.213Z] [INFO] FFmpeg progress: 1.0916666666666666% - 00:00:02.62
[2026-02-21T13:15:03.743Z] [INFO] FFmpeg progress: 1.3166666666666667% - 00:00:03.16
[2026-02-21T13:15:04.259Z] [INFO] FFmpeg progress: 1.5458333333333332% - 00:00:03.71
[2026-02-21T13:15:04.821Z] [INFO] FFmpeg progress: 1.6791666666666667% - 00:00:04.03
[2026-02-21T13:15:06.623Z] [INFO] FFmpeg progress: 1.6958333333333335% - 00:00:04.07
[2026-02-21T13:15:06.762Z] [INFO] Conversion complete: C:\Users\oluegwuc\Videos\Recording_2026-02-21T13-14-54-647Z.mp4
[2026-02-21T13:15:06.764Z] [INFO] Recording converted and saved: C:\Users\oluegwuc\Videos\Recording_2026-02-21T13-14-54-647Z.mp4
[2026-02-21T13:15:43.165Z] [INFO] Recording tray created
[2026-02-21T13:15:48.417Z] [INFO] System tray created
[2026-02-21T13:15:52.936Z] [INFO] Save dialog canceled
[2026-02-21T13:16:07.261Z] [INFO] Recording tray created
[2026-02-21T13:16:16.636Z] [INFO] System tray created
[2026-02-21T13:16:20.083Z] [INFO] Recording saved to temp: C:\Users\oluegwuc\AppData\Local\Temp\temp_recording_1771679780080.webm, size: 1728684 bytes
[2026-02-21T13:16:20.108Z] [INFO] FFmpeg started: ffmpeg -i C:\Users\oluegwuc\AppData\Local\Temp\temp_recording_1771679780080.webm -y -c:v libx264 -crf 18 -preset slow -movflags +faststart -pix_fmt yuv420p -vsync cfr -force_key_frames expr:gte(t,n_forced*2) -r 24 -c:a aac -b:a 128k -f mp4 C:\Users\oluegwuc\Videos\Recording_2026-02-21T13-16-16-684Z.mp4
[2026-02-21T13:16:20.296Z] [INFO] FFmpeg progress: 0.07083333333333333% - 00:00:00.17
[2026-02-21T13:16:20.863Z] [INFO] FFmpeg progress: 1.0208333333333335% - 00:00:02.45
[2026-02-21T13:16:21.369Z] [INFO] FFmpeg progress: 1.1458333333333333% - 00:00:02.75
[2026-02-21T13:16:21.898Z] [INFO] FFmpeg progress: 1.3666666666666665% - 00:00:03.28
[2026-02-21T13:16:22.389Z] [INFO] FFmpeg progress: 1.6708333333333332% - 00:00:04.01
[2026-02-21T13:16:23.132Z] [INFO] FFmpeg progress: 1.9458333333333335% - 00:00:04.67
[2026-02-21T13:16:23.662Z] [INFO] FFmpeg progress: 2.3708333333333336% - 00:00:05.69
[2026-02-21T13:16:24.183Z] [INFO] FFmpeg progress: 2.666666666666667% - 00:00:06.40
[2026-02-21T13:16:24.683Z] [INFO] FFmpeg progress: 2.870833333333333% - 00:00:06.89
[2026-02-21T13:16:25.190Z] [INFO] FFmpeg progress: 3.3666666666666663% - 00:00:08.08
[2026-02-21T13:16:25.712Z] [INFO] FFmpeg progress: 3.7125% - 00:00:08.91
[2026-02-21T13:16:26.626Z] [INFO] FFmpeg progress: 3.8666666666666663% - 00:00:09.28
[2026-02-21T13:16:26.754Z] [INFO] Conversion complete: C:\Users\oluegwuc\Videos\Recording_2026-02-21T13-16-16-684Z.mp4
[2026-02-21T13:16:26.756Z] [INFO] Recording converted and saved: C:\Users\oluegwuc\Videos\Recording_2026-02-21T13-16-16-684Z.mp4
[2026-02-21T13:20:14.973Z] [INFO] Application closing
[2026-02-21T13:20:30.400Z] [INFO] Logger initialized
[2026-02-21T13:20:30.405Z] [INFO] Application starting...
[2026-02-21T13:20:30.405Z] [INFO] Running in development mode
[2026-02-21T13:20:30.568Z] [INFO] System tray created
[2026-02-21T13:20:30.575Z] [INFO] Global shortcut registered: F9
[2026-02-21T13:20:31.499Z] [INFO] Main window ready
[2026-02-21T13:21:14.789Z] [INFO] Recording tray created
[2026-02-21T13:21:34.102Z] [INFO] System tray created
[2026-02-21T13:21:36.678Z] [INFO] Recording saved to temp: C:\Users\oluegwuc\AppData\Local\Temp\temp_recording_1771680096667.webm, size: 7326679 bytes
[2026-02-21T13:21:37.001Z] [INFO] FFmpeg started: ffmpeg -i C:\Users\oluegwuc\AppData\Local\Temp\temp_recording_1771680096667.webm -y -c:v libx264 -crf 18 -preset slow -movflags +faststart -pix_fmt yuv420p -vsync cfr -force_key_frames expr:gte(t,n_forced*2) -r 24 -c:a aac -b:a 128k -f mp4 C:\Users\oluegwuc\Videos\Recording_2026-02-21T13-21-34-196Z.mp4
[2026-02-21T13:21:37.177Z] [INFO] FFmpeg progress: 0.08333333333333334% - 00:00:00.20
[2026-02-21T13:21:37.853Z] [INFO] FFmpeg progress: 1.05% - 00:00:02.52
[2026-02-21T13:21:38.425Z] [INFO] FFmpeg progress: 1.1333333333333333% - 00:00:02.72
[2026-02-21T13:21:39.013Z] [INFO] FFmpeg progress: 1.3291666666666666% - 00:00:03.19
[2026-02-21T13:21:39.544Z] [INFO] FFmpeg progress: 1.583333333333333% - 00:00:03.80
[2026-02-21T13:21:40.101Z] [INFO] FFmpeg progress: 1.8333333333333333% - 00:00:04.40
[2026-02-21T13:21:40.619Z] [INFO] FFmpeg progress: 2.0041666666666664% - 00:00:04.81
[2026-02-21T13:21:41.150Z] [INFO] FFmpeg progress: 2.3833333333333333% - 00:00:05.72
[2026-02-21T13:21:41.914Z] [INFO] FFmpeg progress: 2.783333333333333% - 00:00:06.68
[2026-02-21T13:21:42.526Z] [INFO] FFmpeg progress: 3.204166666666667% - 00:00:07.69
[2026-02-21T13:21:43.345Z] [INFO] FFmpeg progress: 3.6291666666666673% - 00:00:08.71
[2026-02-21T13:21:43.850Z] [INFO] FFmpeg progress: 4.129166666666666% - 00:00:09.91
[2026-02-21T13:21:44.598Z] [INFO] FFmpeg progress: 4.4833333333333325% - 00:00:10.76
[2026-02-21T13:21:45.140Z] [INFO] FFmpeg progress: 4.929166666666666% - 00:00:11.83
[2026-02-21T13:21:45.875Z] [INFO] FFmpeg progress: 5.283333333333333% - 00:00:12.68
[2026-02-21T13:21:46.413Z] [INFO] FFmpeg progress: 5.779166666666667% - 00:00:13.87
[2026-02-21T13:21:47.171Z] [INFO] FFmpeg progress: 6.154166666666667% - 00:00:14.77
[2026-02-21T13:21:47.709Z] [INFO] FFmpeg progress: 6.579166666666667% - 00:00:15.79
[2026-02-21T13:21:48.500Z] [INFO] FFmpeg progress: 7.008333333333333% - 00:00:16.82
[2026-02-21T13:21:49.053Z] [INFO] FFmpeg progress: 7.408333333333333% - 00:00:17.78
[2026-02-21T13:21:49.509Z] [INFO] FFmpeg progress: 7.808333333333333% - 00:00:18.74
[2026-02-21T13:21:50.030Z] [INFO] FFmpeg progress: 7.904166666666666% - 00:00:18.97
[2026-02-21T13:21:52.215Z] [INFO] FFmpeg progress: 8.029166666666667% - 00:00:19.27
[2026-02-21T13:21:52.342Z] [INFO] Conversion complete: C:\Users\oluegwuc\Videos\Recording_2026-02-21T13-21-34-196Z.mp4
[2026-02-21T13:21:52.346Z] [INFO] Recording converted and saved: C:\Users\oluegwuc\Videos\Recording_2026-02-21T13-21-34-196Z.mp4
[2026-02-21T13:22:29.841Z] [INFO] Recording tray created
[2026-02-21T13:22:33.277Z] [INFO] Stop recording triggered via global shortcut
[2026-02-21T13:22:33.392Z] [INFO] System tray created
[2026-02-21T13:22:36.931Z] [INFO] Recording saved to temp: C:\Users\oluegwuc\AppData\Local\Temp\temp_recording_1771680156928.webm, size: 1607481 bytes
[2026-02-21T13:22:36.965Z] [INFO] FFmpeg started: ffmpeg -i C:\Users\oluegwuc\AppData\Local\Temp\temp_recording_1771680156928.webm -y -c:v libx264 -crf 18 -preset slow -movflags +faststart -pix_fmt yuv420p -vsync cfr -force_key_frames expr:gte(t,n_forced*2) -r 24 -c:a aac -b:a 128k -f mp4 C:\Users\oluegwuc\Videos\Recording_2026-02-21T13-22-33-508Z.mp4
[2026-02-21T13:22:37.151Z] [INFO] FFmpeg progress: 0.1% - 00:00:00.24
[2026-02-21T13:22:37.801Z] [INFO] FFmpeg progress: 1.0416666666666665% - 00:00:02.50
[2026-02-21T13:22:38.384Z] [INFO] FFmpeg progress: 1.1208333333333331% - 00:00:02.69
[2026-02-21T13:22:39.055Z] [INFO] FFmpeg progress: 1.3416666666666668% - 00:00:03.22
[2026-02-21T13:22:41.070Z] [INFO] FFmpeg progress: 1.4208333333333334% - 00:00:03.41
[2026-02-21T13:22:41.199Z] [INFO] Conversion complete: C:\Users\oluegwuc\Videos\Recording_2026-02-21T13-22-33-508Z.mp4
[2026-02-21T13:22:41.201Z] [INFO] Recording converted and saved: C:\Users\oluegwuc\Videos\Recording_2026-02-21T13-22-33-508Z.mp4
[2026-02-21T13:23:57.786Z] [INFO] Application closing
[2026-02-21T13:25:39.030Z] [INFO] Logger initialized
[2026-02-21T13:25:39.036Z] [INFO] Application starting...
[2026-02-21T13:25:39.036Z] [INFO] Running in development mode
[2026-02-21T13:25:39.205Z] [INFO] System tray created
[2026-02-21T13:25:39.216Z] [INFO] Global shortcut registered: F9
[2026-02-21T13:25:40.120Z] [INFO] Main window ready
[2026-02-21T13:26:21.016Z] [INFO] Application closing
[2026-02-21T13:26:26.203Z] [INFO] Logger initialized
[2026-02-21T13:26:26.211Z] [INFO] Application starting...
[2026-02-21T13:26:26.212Z] [INFO] Running in development mode
[2026-02-21T13:26:26.363Z] [INFO] System tray created
[2026-02-21T13:26:26.373Z] [INFO] Global shortcut registered: F9
[2026-02-21T13:26:27.284Z] [INFO] Main window ready
[2026-02-21T13:26:54.360Z] [INFO] Application closing
[2026-02-21T13:29:21.972Z] [INFO] Logger initialized
[2026-02-21T13:29:21.975Z] [INFO] Application starting...
[2026-02-21T13:29:21.976Z] [INFO] Running in development mode
[2026-02-21T13:29:22.142Z] [INFO] System tray created
[2026-02-21T13:29:22.146Z] [INFO] Global shortcut registered: F9
[2026-02-21T13:29:23.174Z] [INFO] Main window ready
[2026-02-21T13:29:39.853Z] [INFO] Recording tray created
[2026-02-21T13:29:46.352Z] [INFO] System tray created
[2026-02-21T13:29:49.171Z] [INFO] Recording saved to temp: C:\Users\oluegwuc\AppData\Local\Temp\temp_recording_1771680589158.webm, size: 5376013 bytes
[2026-02-21T13:29:49.525Z] [INFO] FFmpeg started: ffmpeg -i C:\Users\oluegwuc\AppData\Local\Temp\temp_recording_1771680589158.webm -y -c:v libx264 -crf 18 -preset slow -movflags +faststart -pix_fmt yuv420p -vsync cfr -force_key_frames expr:gte(t,n_forced*2) -r 24 -c:a aac -b:a 128k -f mp4 C:\Users\oluegwuc\Videos\Recording_2026-02-21T13-29-46-455Z.mp4
[2026-02-21T13:29:49.717Z] [INFO] FFmpeg progress: 0.09583333333333334% - 00:00:00.23
[2026-02-21T13:29:50.514Z] [INFO] FFmpeg progress: 0.9916666666666666% - 00:00:02.38
[2026-02-21T13:29:51.052Z] [INFO] FFmpeg progress: 1.1166666666666667% - 00:00:02.68
[2026-02-21T13:29:51.564Z] [INFO] FFmpeg progress: 1.2166666666666666% - 00:00:02.92
[2026-02-21T13:29:52.481Z] [INFO] FFmpeg progress: 1.3916666666666666% - 00:00:03.34
[2026-02-21T13:29:52.602Z] [INFO] FFmpeg progress: 1.4625% - 00:00:03.51
[2026-02-21T13:29:53.136Z] [INFO] FFmpeg progress: 1.6416666666666666% - 00:00:03.94
[2026-02-21T13:29:53.666Z] [INFO] FFmpeg progress: 1.8624999999999998% - 00:00:04.47
[2026-02-21T13:29:54.190Z] [INFO] FFmpeg progress: 1.9708333333333334% - 00:00:04.73
[2026-02-21T13:29:54.773Z] [INFO] FFmpeg progress: 2.1916666666666664% - 00:00:05.26
[2026-02-21T13:29:55.413Z] [INFO] FFmpeg progress: 2.3166666666666664% - 00:00:05.56
[2026-02-21T13:29:55.895Z] [INFO] FFmpeg progress: 2.6208333333333336% - 00:00:06.29
[2026-02-21T13:29:58.626Z] [INFO] FFmpeg progress: 2.6916666666666664% - 00:00:06.46
[2026-02-21T13:29:58.773Z] [INFO] Conversion complete: C:\Users\oluegwuc\Videos\Recording_2026-02-21T13-29-46-455Z.mp4
[2026-02-21T13:29:58.776Z] [INFO] Recording converted and saved: C:\Users\oluegwuc\Videos\Recording_2026-02-21T13-29-46-455Z.mp4
[2026-02-21T13:30:44.094Z] [INFO] Global shortcut registered: F9
[2026-02-21T13:30:45.911Z] [INFO] Recording tray created
[2026-02-21T13:30:49.967Z] [INFO] System tray created
[2026-02-21T13:30:52.591Z] [INFO] Recording saved to temp: C:\Users\oluegwuc\AppData\Local\Temp\temp_recording_1771680652588.webm, size: 2435998 bytes
[2026-02-21T13:30:52.618Z] [INFO] FFmpeg started: ffmpeg -i C:\Users\oluegwuc\AppData\Local\Temp\temp_recording_1771680652588.webm -y -c:v libx264 -crf 18 -preset slow -movflags +faststart -pix_fmt yuv420p -vsync cfr -force_key_frames expr:gte(t,n_forced*2) -r 24 -c:a aac -b:a 128k -f mp4 C:\Users\oluegwuc\Videos\Recording_2026-02-21T13-30-50-021Z.mp4
[2026-02-21T13:30:52.805Z] [INFO] FFmpeg progress: 0.12083333333333332% - 00:00:00.29
[2026-02-21T13:30:53.463Z] [INFO] FFmpeg progress: 1.0041666666666667% - 00:00:02.41
[2026-02-21T13:30:53.985Z] [INFO] FFmpeg progress: 1.0750000000000002% - 00:00:02.58
[2026-02-21T13:30:54.666Z] [INFO] FFmpeg progress: 1.225% - 00:00:02.94
[2026-02-21T13:30:55.358Z] [INFO] FFmpeg progress: 1.475% - 00:00:03.54
[2026-02-21T13:30:56.077Z] [INFO] FFmpeg progress: 1.5791666666666666% - 00:00:03.79
[2026-02-21T13:30:59.067Z] [INFO] FFmpeg progress: 1.6791666666666667% - 00:00:04.03
[2026-02-21T13:30:59.205Z] [INFO] Conversion complete: C:\Users\oluegwuc\Videos\Recording_2026-02-21T13-30-50-021Z.mp4
[2026-02-21T13:30:59.207Z] [INFO] Recording converted and saved: C:\Users\oluegwuc\Videos\Recording_2026-02-21T13-30-50-021Z.mp4
[2026-02-21T13:31:15.667Z] [INFO] Recording tray created
[2026-02-21T13:31:18.468Z] [INFO] Stop recording triggered via global shortcut
[2026-02-21T13:31:18.548Z] [INFO] System tray created
[2026-02-21T13:31:20.672Z] [INFO] Recording saved to temp: C:\Users\oluegwuc\AppData\Local\Temp\temp_recording_1771680680669.webm, size: 1473720 bytes
[2026-02-21T13:31:20.697Z] [INFO] FFmpeg started: ffmpeg -i C:\Users\oluegwuc\AppData\Local\Temp\temp_recording_1771680680669.webm -y -c:v libx264 -crf 18 -preset slow -movflags +faststart -pix_fmt yuv420p -vsync cfr -force_key_frames expr:gte(t,n_forced*2) -r 24 -c:a aac -b:a 128k -f mp4 C:\Users\oluegwuc\Videos\Recording_2026-02-21T13-31-18-585Z.mp4
[2026-02-21T13:31:20.888Z] [INFO] FFmpeg progress: 0.12083333333333332% - 00:00:00.29
[2026-02-21T13:31:21.538Z] [INFO] FFmpeg progress: 1.0291666666666668% - 00:00:02.47
[2026-02-21T13:31:22.110Z] [INFO] FFmpeg progress: 1.1% - 00:00:02.64
[2026-02-21T13:31:24.934Z] [INFO] FFmpeg progress: 1.1791666666666667% - 00:00:02.83
[2026-02-21T13:31:25.078Z] [INFO] Conversion complete: C:\Users\oluegwuc\Videos\Recording_2026-02-21T13-31-18-585Z.mp4
[2026-02-21T13:31:25.080Z] [INFO] Recording converted and saved: C:\Users\oluegwuc\Videos\Recording_2026-02-21T13-31-18-585Z.mp4
[2026-02-21T13:31:36.196Z] [INFO] Recording tray created
[2026-02-21T13:31:43.840Z] [INFO] System tray created
[2026-02-21T13:31:45.770Z] [INFO] Recording saved to temp: C:\Users\oluegwuc\AppData\Local\Temp\temp_recording_1771680705767.webm, size: 1378984 bytes
[2026-02-21T13:31:45.793Z] [INFO] FFmpeg started: ffmpeg -i C:\Users\oluegwuc\AppData\Local\Temp\temp_recording_1771680705767.webm -y -c:v libx264 -crf 18 -preset slow -movflags +faststart -pix_fmt yuv420p -vsync cfr -force_key_frames expr:gte(t,n_forced*2) -r 24 -c:a aac -b:a 128k -f mp4 C:\Users\oluegwuc\Videos\Recording_2026-02-21T13-31-43-898Z.mp4
[2026-02-21T13:31:45.975Z] [INFO] FFmpeg progress: 0.11666666666666668% - 00:00:00.28
[2026-02-21T13:31:46.964Z] [INFO] FFmpeg progress: 1.0208333333333335% - 00:00:02.45
[2026-02-21T13:31:47.456Z] [INFO] FFmpeg progress: 1.2458333333333333% - 00:00:02.99
[2026-02-21T13:31:48.048Z] [INFO] FFmpeg progress: 1.5916666666666666% - 00:00:03.82
[2026-02-21T13:31:48.798Z] [INFO] FFmpeg progress: 1.975% - 00:00:04.74
[2026-02-21T13:31:49.352Z] [INFO] FFmpeg progress: 2.2666666666666666% - 00:00:05.44
[2026-02-21T13:31:50.134Z] [INFO] FFmpeg progress: 2.7916666666666665% - 00:00:06.70
[2026-02-21T13:31:51.815Z] [INFO] FFmpeg progress: 3.145833333333333% - 00:00:07.55
[2026-02-21T13:31:51.951Z] [INFO] Conversion complete: C:\Users\oluegwuc\Videos\Recording_2026-02-21T13-31-43-898Z.mp4
[2026-02-21T13:31:51.953Z] [INFO] Recording converted and saved: C:\Users\oluegwuc\Videos\Recording_2026-02-21T13-31-43-898Z.mp4
[2026-02-21T13:32:02.376Z] [INFO] Application closing
[2026-02-21T13:37:33.314Z] [INFO] Logger initialized
[2026-02-21T13:37:33.319Z] [INFO] Application starting...
[2026-02-21T13:37:33.319Z] [INFO] Running in development mode
[2026-02-21T13:37:33.518Z] [INFO] System tray created
[2026-02-21T13:37:33.519Z] [INFO] Global shortcut registered: F9
[2026-02-21T13:37:34.496Z] [INFO] Main window ready
[2026-02-21T13:38:54.954Z] [INFO] Global shortcut registered: F9
[2026-02-21T13:39:12.776Z] [INFO] Recording tray created
[2026-02-21T13:39:20.777Z] [INFO] Stop recording triggered via global shortcut
[2026-02-21T13:39:20.865Z] [INFO] System tray created
[2026-02-21T13:39:29.018Z] [INFO] Recording saved to temp: C:\Users\oluegwuc\AppData\Local\Temp\temp_recording_1771681169011.webm, size: 5809230 bytes
[2026-02-21T13:39:29.364Z] [INFO] FFmpeg started: ffmpeg -i C:\Users\oluegwuc\AppData\Local\Temp\temp_recording_1771681169011.webm -y -c:v libx264 -crf 18 -preset slow -movflags +faststart -pix_fmt yuv420p -vsync cfr -force_key_frames expr:gte(t,n_forced*2) -r 24 -c:a aac -b:a 128k -f mp4 C:\Users\oluegwuc\Videos\Recording_2026-02-21_14-39-20.mp4
[2026-02-21T13:39:29.540Z] [INFO] FFmpeg progress: 0.08750000000000001% - 00:00:00.21
[2026-02-21T13:39:30.284Z] [INFO] FFmpeg progress: 0.9875% - 00:00:02.37
[2026-02-21T13:39:30.819Z] [INFO] FFmpeg progress: 1.1666666666666665% - 00:00:02.80
[2026-02-21T13:39:31.427Z] [INFO] FFmpeg progress: 1.3166666666666667% - 00:00:03.16
[2026-02-21T13:39:31.972Z] [INFO] FFmpeg progress: 1.5916666666666666% - 00:00:03.82
[2026-02-21T13:39:32.462Z] [INFO] FFmpeg progress: 1.9124999999999999% - 00:00:04.59
[2026-02-21T13:39:32.963Z] [INFO] FFmpeg progress: 1.991666666666667% - 00:00:04.78
[2026-02-21T13:39:33.789Z] [INFO] FFmpeg progress: 2.0625% - 00:00:04.95
[2026-02-21T13:39:34.222Z] [INFO] FFmpeg progress: 2.3125% - 00:00:05.55
[2026-02-21T13:39:34.697Z] [INFO] FFmpeg progress: 2.658333333333333% - 00:00:06.38
[2026-02-21T13:39:35.483Z] [INFO] FFmpeg progress: 2.7916666666666665% - 00:00:06.70
[2026-02-21T13:39:35.990Z] [INFO] FFmpeg progress: 3.166666666666666% - 00:00:07.60
[2026-02-21T13:39:38.255Z] [INFO] FFmpeg progress: 3.3583333333333334% - 00:00:08.06
[2026-02-21T13:39:38.382Z] [INFO] Conversion complete: C:\Users\oluegwuc\Videos\Recording_2026-02-21_14-39-20.mp4
[2026-02-21T13:39:38.384Z] [INFO] Recording converted and saved: C:\Users\oluegwuc\Videos\Recording_2026-02-21_14-39-20.mp4
[2026-02-21T13:41:34.407Z] [INFO] Global shortcut registered: F9
[2026-02-21T13:44:47.293Z] [INFO] Global shortcut registered: F9
[2026-02-21T13:46:34.571Z] [INFO] Logger initialized
[2026-02-21T13:46:34.575Z] [INFO] Application starting...
[2026-02-21T13:46:34.575Z] [INFO] Running in development mode
[2026-02-21T13:46:34.764Z] [INFO] System tray created
[2026-02-21T13:46:34.765Z] [INFO] Global shortcut registered: F9
[2026-02-21T13:46:38.171Z] [INFO] Main window ready
[2026-02-21T13:46:48.141Z] [INFO] Application closing
[2026-02-21T13:48:23.042Z] [INFO] Application closing
[2026-02-21T13:48:38.739Z] [INFO] Logger initialized
[2026-02-21T13:48:38.743Z] [INFO] Application starting...
[2026-02-21T13:48:38.743Z] [INFO] Running in development mode
[2026-02-21T13:48:38.878Z] [INFO] System tray created
[2026-02-21T13:48:38.882Z] [INFO] Global shortcut registered: F9
[2026-02-21T13:48:39.684Z] [INFO] Main window ready
[2026-02-21T13:49:19.915Z] [INFO] Recording tray created
[2026-02-21T13:49:27.347Z] [INFO] Stop recording triggered via global shortcut
[2026-02-21T13:49:27.436Z] [INFO] System tray created
[2026-02-21T13:49:33.531Z] [INFO] Recording saved to temp: C:\Users\oluegwuc\AppData\Local\Temp\temp_recording_1771681773524.webm, size: 5422708 bytes
[2026-02-21T13:49:33.844Z] [INFO] FFmpeg started: ffmpeg -i C:\Users\oluegwuc\AppData\Local\Temp\temp_recording_1771681773524.webm -y -c:v libx264 -crf 18 -preset slow -movflags +faststart -pix_fmt yuv420p -vsync cfr -force_key_frames expr:gte(t,n_forced*2) -r 24 -c:a aac -b:a 128k -f mp4 C:\Users\oluegwuc\Videos\Recording_2026-02-21_14-49-27.mp4
[2026-02-21T13:49:34.021Z] [INFO] FFmpeg progress: 0.11666666666666668% - 00:00:00.28
[2026-02-21T13:49:34.680Z] [INFO] FFmpeg progress: 1.0166666666666666% - 00:00:02.44
[2026-02-21T13:49:35.192Z] [INFO] FFmpeg progress: 1.0875% - 00:00:02.61
[2026-02-21T13:49:35.693Z] [INFO] FFmpeg progress: 1.3333333333333335% - 00:00:03.20
[2026-02-21T13:49:36.286Z] [INFO] FFmpeg progress: 1.4874999999999998% - 00:00:03.57
[2026-02-21T13:49:36.852Z] [INFO] FFmpeg progress: 1.7333333333333332% - 00:00:04.16
[2026-02-21T13:49:37.370Z] [INFO] FFmpeg progress: 1.9375% - 00:00:04.65
[2026-02-21T13:49:37.945Z] [INFO] FFmpeg progress: 2.0625% - 00:00:04.95
[2026-02-21T13:49:38.486Z] [INFO] FFmpeg progress: 2.3916666666666666% - 00:00:05.74
[2026-02-21T13:49:39.020Z] [INFO] FFmpeg progress: 2.6416666666666666% - 00:00:06.34
[2026-02-21T13:49:39.583Z] [INFO] FFmpeg progress: 2.7666666666666666% - 00:00:06.64
[2026-02-21T13:49:40.117Z] [INFO] FFmpeg progress: 2.8916666666666666% - 00:00:06.94
[2026-02-21T13:49:40.643Z] [INFO] FFmpeg progress: 3.1208333333333336% - 00:00:07.49
[2026-02-21T13:49:42.554Z] [INFO] FFmpeg progress: 3.1375% - 00:00:07.53
[2026-02-21T13:49:42.685Z] [INFO] Conversion complete: C:\Users\oluegwuc\Videos\Recording_2026-02-21_14-49-27.mp4
[2026-02-21T13:49:42.687Z] [INFO] Recording converted and saved: C:\Users\oluegwuc\Videos\Recording_2026-02-21_14-49-27.mp4
[2026-02-21T13:50:03.021Z] [INFO] Global shortcut registered: F9
[2026-02-21T13:50:16.278Z] [INFO] Recording tray created
[2026-02-21T13:51:24.278Z] [INFO] System tray created
[2026-02-21T13:51:24.450Z] [INFO] Auto-saving to: C:\Users\oluegwuc\Videos\Recording_2026-02-21_14-51-24.mp4
[2026-02-21T13:51:24.456Z] [INFO] Recording saved to temp: C:\Users\oluegwuc\AppData\Local\Temp\temp_recording_1771681884450.webm, size: 4814398 bytes
[2026-02-21T13:51:24.481Z] [INFO] FFmpeg started: ffmpeg -i C:\Users\oluegwuc\AppData\Local\Temp\temp_recording_1771681884450.webm -y -c:v libx264 -crf 18 -preset slow -movflags +faststart -pix_fmt yuv420p -vsync cfr -force_key_frames expr:gte(t,n_forced*2) -r 24 -c:a aac -b:a 128k -f mp4 C:\Users\oluegwuc\Videos\Recording_2026-02-21_14-51-24.mp4
[2026-02-21T13:51:24.643Z] [INFO] FFmpeg progress: 0.09583333333333334% - 00:00:00.23
[2026-02-21T13:51:25.261Z] [INFO] FFmpeg progress: 1.0375% - 00:00:02.49
[2026-02-21T13:51:25.787Z] [INFO] FFmpeg progress: 1.3666666666666665% - 00:00:03.28
[2026-02-21T13:51:26.289Z] [INFO] FFmpeg progress: 1.8208333333333333% - 00:00:04.37
[2026-02-21T13:51:26.803Z] [INFO] FFmpeg progress: 2.220833333333333% - 00:00:05.33
[2026-02-21T13:51:27.499Z] [INFO] FFmpeg progress: 2.7708333333333335% - 00:00:06.65
[2026-02-21T13:51:28.005Z] [INFO] FFmpeg progress: 3.5458333333333334% - 00:00:08.51
[2026-02-21T13:51:28.513Z] [INFO] FFmpeg progress: 3.970833333333333% - 00:00:09.53
[2026-02-21T13:51:29.069Z] [INFO] FFmpeg progress: 4.470833333333333% - 00:00:10.73
[2026-02-21T13:51:29.597Z] [INFO] FFmpeg progress: 4.870833333333334% - 00:00:11.69
[2026-02-21T13:51:30.203Z] [INFO] FFmpeg progress: 5.295833333333333% - 00:00:12.71
[2026-02-21T13:51:30.705Z] [INFO] FFmpeg progress: 5.945833333333333% - 00:00:14.27
[2026-02-21T13:51:31.230Z] [INFO] FFmpeg progress: 6.316666666666666% - 00:00:15.16
[2026-02-21T13:51:31.914Z] [INFO] FFmpeg progress: 6.966666666666667% - 00:00:16.72
[2026-02-21T13:51:32.443Z] [INFO] FFmpeg progress: 7.695833333333332% - 00:00:18.47
[2026-02-21T13:51:32.923Z] [INFO] FFmpeg progress: 8.166666666666668% - 00:00:19.60
[2026-02-21T13:51:33.431Z] [INFO] FFmpeg progress: 8.716666666666667% - 00:00:20.92
[2026-02-21T13:51:33.932Z] [INFO] FFmpeg progress: 9.420833333333333% - 00:00:22.61
[2026-02-21T13:51:34.434Z] [INFO] FFmpeg progress: 9.945833333333335% - 00:00:23.87
[2026-02-21T13:51:34.935Z] [INFO] FFmpeg progress: 10.470833333333333% - 00:00:25.13
[2026-02-21T13:51:35.575Z] [INFO] FFmpeg progress: 11.145833333333334% - 00:00:26.75
[2026-02-21T13:51:36.088Z] [INFO] FFmpeg progress: 11.837499999999999% - 00:00:28.41
[2026-02-21T13:51:36.607Z] [INFO] FFmpeg progress: 12.416666666666668% - 00:00:29.80
[2026-02-21T13:51:37.122Z] [INFO] FFmpeg progress: 12.941666666666665% - 00:00:31.06
[2026-02-21T13:51:37.756Z] [INFO] FFmpeg progress: 13.64166666666667% - 00:00:32.74
[2026-02-21T13:51:38.276Z] [INFO] FFmpeg progress: 14.370833333333335% - 00:00:34.49
[2026-02-21T13:51:38.779Z] [INFO] FFmpeg progress: 14.941666666666666% - 00:00:35.86
[2026-02-21T13:51:39.314Z] [INFO] FFmpeg progress: 15.462499999999999% - 00:00:37.11
[2026-02-21T13:51:39.840Z] [INFO] FFmpeg progress: 16.041666666666668% - 00:00:38.50
[2026-02-21T13:51:40.343Z] [INFO] FFmpeg progress: 16.566666666666666% - 00:00:39.76
[2026-02-21T13:51:40.897Z] [INFO] FFmpeg progress: 17.0625% - 00:00:40.95
[2026-02-21T13:51:41.567Z] [INFO] FFmpeg progress: 17.791666666666668% - 00:00:42.70
[2026-02-21T13:51:42.090Z] [INFO] FFmpeg progress: 18.470833333333335% - 00:00:44.33
[2026-02-21T13:51:42.602Z] [INFO] FFmpeg progress: 18.991666666666664% - 00:00:45.58
[2026-02-21T13:51:43.128Z] [INFO] FFmpeg progress: 19.4625% - 00:00:46.71
[2026-02-21T13:51:43.666Z] [INFO] FFmpeg progress: 20.14166666666667% - 00:00:48.34
[2026-02-21T13:51:44.175Z] [INFO] FFmpeg progress: 20.6375% - 00:00:49.53
[2026-02-21T13:51:44.709Z] [INFO] FFmpeg progress: 21.145833333333332% - 00:00:50.75
[2026-02-21T13:51:45.214Z] [INFO] FFmpeg progress: 21.791666666666664% - 00:00:52.30
[2026-02-21T13:51:45.726Z] [INFO] FFmpeg progress: 22.316666666666666% - 00:00:53.56
[2026-02-21T13:51:46.215Z] [INFO] FFmpeg progress: 22.870833333333334% - 00:00:54.89
[2026-02-21T13:51:46.859Z] [INFO] FFmpeg progress: 23.641666666666666% - 00:00:56.74
[2026-02-21T13:51:47.362Z] [INFO] FFmpeg progress: 24.416666666666668% - 00:00:58.60
[2026-02-21T13:51:47.882Z] [INFO] FFmpeg progress: 24.96666666666667% - 00:00:59.92
[2026-02-21T13:51:48.391Z] [INFO] FFmpeg progress: 25.516666666666666% - 00:01:01.24
[2026-02-21T13:51:49.040Z] [INFO] FFmpeg progress: 26.14166666666667% - 00:01:02.74
[2026-02-21T13:51:49.605Z] [INFO] FFmpeg progress: 26.74583333333333% - 00:01:04.19
[2026-02-21T13:51:50.064Z] [INFO] FFmpeg progress: 27.145833333333336% - 00:01:05.15
[2026-02-21T13:51:50.687Z] [INFO] FFmpeg progress: 27.79166666666667% - 00:01:06.70
[2026-02-21T13:51:51.690Z] [INFO] FFmpeg progress: 28.29166666666667% - 00:01:07.90
[2026-02-21T13:51:51.812Z] [INFO] Conversion complete: C:\Users\oluegwuc\Videos\Recording_2026-02-21_14-51-24.mp4
[2026-02-21T13:51:51.815Z] [INFO] Recording converted and saved: C:\Users\oluegwuc\Videos\Recording_2026-02-21_14-51-24.mp4
[2026-02-21T14:02:48.452Z] [INFO] Application closing
[2026-02-21T14:02:55.948Z] [INFO] Logger initialized
[2026-02-21T14:02:55.954Z] [INFO] Application starting...
[2026-02-21T14:02:55.959Z] [INFO] Running in development mode
[2026-02-21T14:02:56.108Z] [INFO] System tray created
[2026-02-21T14:02:56.117Z] [INFO] Global shortcut registered: F9
[2026-02-21T14:02:56.986Z] [INFO] Main window ready
[2026-02-21T14:08:59.749Z] [INFO] Logger initialized
[2026-02-21T14:08:59.755Z] [INFO] Application starting...
[2026-02-21T14:08:59.755Z] [INFO] Running in development mode
[2026-02-21T14:08:59.920Z] [INFO] System tray created
[2026-02-21T14:08:59.926Z] [INFO] Global shortcut registered: F9
[2026-02-21T14:09:00.797Z] [INFO] Main window ready
[2026-02-21T14:09:48.021Z] [INFO] Global shortcut registered: F9
[2026-02-21T14:10:00.742Z] [INFO] Recording tray created
[2026-02-21T14:10:06.975Z] [INFO] System tray created
[2026-02-21T14:10:07.006Z] [INFO] Auto-saving to: C:\Users\oluegwuc\Videos\Recording_2026-02-21_15-10-07.mp4
[2026-02-21T14:10:07.009Z] [INFO] Recording saved to temp: C:\Users\oluegwuc\AppData\Local\Temp\temp_recording_1771683007006.webm, size: 714984 bytes
[2026-02-21T14:10:07.334Z] [INFO] FFmpeg started: ffmpeg -i C:\Users\oluegwuc\AppData\Local\Temp\temp_recording_1771683007006.webm -y -c:v libx264 -crf 18 -preset slow -movflags +faststart -pix_fmt yuv420p -vsync cfr -force_key_frames expr:gte(t,n_forced*2) -r 24 -c:a aac -b:a 128k -f mp4 C:\Users\oluegwuc\Videos\Recording_2026-02-21_15-10-07.mp4
[2026-02-21T14:10:07.493Z] [INFO] FFmpeg progress: 0.11250000000000002% - 00:00:00.27
[2026-02-21T14:10:08.094Z] [INFO] FFmpeg progress: 1.0208333333333335% - 00:00:02.45
[2026-02-21T14:10:08.590Z] [INFO] FFmpeg progress: 1.3666666666666665% - 00:00:03.28
[2026-02-21T14:10:09.098Z] [INFO] FFmpeg progress: 1.866666666666667% - 00:00:04.48
[2026-02-21T14:10:09.618Z] [INFO] FFmpeg progress: 2.3875% - 00:00:05.73
[2026-02-21T14:10:10.599Z] [INFO] FFmpeg progress: 2.566666666666667% - 00:00:06.16
[2026-02-21T14:10:10.741Z] [INFO] Conversion complete: C:\Users\oluegwuc\Videos\Recording_2026-02-21_15-10-07.mp4
[2026-02-21T14:10:10.743Z] [INFO] Recording converted and saved: C:\Users\oluegwuc\Videos\Recording_2026-02-21_15-10-07.mp4
[2026-02-21T14:13:01.371Z] [INFO] Application closing
[2026-02-21T14:13:08.328Z] [INFO] Logger initialized
[2026-02-21T14:13:08.333Z] [INFO] Application starting...
[2026-02-21T14:13:08.333Z] [INFO] Running in development mode
[2026-02-21T14:13:08.482Z] [INFO] System tray created
[2026-02-21T14:13:08.497Z] [INFO] Global shortcut registered: F9
[2026-02-21T14:13:09.347Z] [INFO] Main window ready
[2026-02-21T14:15:10.284Z] [INFO] Application closing
[2026-02-21T14:15:22.009Z] [INFO] Logger initialized
[2026-02-21T14:15:22.018Z] [INFO] Application starting...
[2026-02-21T14:15:22.018Z] [INFO] Running in development mode
[2026-02-21T14:15:22.239Z] [INFO] System tray created
[2026-02-21T14:15:22.274Z] [INFO] Global shortcut registered: F9
[2026-02-21T14:15:23.157Z] [INFO] Main window ready
[2026-02-21T14:18:25.506Z] [INFO] Application closing
[2026-02-21T14:19:33.917Z] [INFO] Logger initialized
[2026-02-21T14:19:33.923Z] [INFO] Application starting...
[2026-02-21T14:19:33.923Z] [INFO] Running in development mode
[2026-02-21T14:19:34.129Z] [INFO] System tray created
[2026-02-21T14:19:34.135Z] [INFO] Global shortcut registered: F9
[2026-02-21T14:19:34.992Z] [INFO] Main window ready
[2026-02-21T14:22:05.128Z] [INFO] Application closing
[2026-02-21T14:22:14.380Z] [INFO] Logger initialized
[2026-02-21T14:22:14.390Z] [INFO] Application starting...
[2026-02-21T14:22:14.391Z] [INFO] Running in development mode
[2026-02-21T14:22:14.524Z] [INFO] System tray created
[2026-02-21T14:22:14.528Z] [INFO] Global shortcut registered: F9
[2026-02-21T14:22:15.328Z] [INFO] Main window ready
[2026-02-21T14:23:27.909Z] [INFO] Application closing
[2026-02-21T14:23:34.245Z] [INFO] Logger initialized
[2026-02-21T14:23:34.251Z] [INFO] Application starting...
[2026-02-21T14:23:34.251Z] [INFO] Running in development mode
[2026-02-21T14:23:34.402Z] [INFO] System tray created
[2026-02-21T14:23:34.407Z] [INFO] Global shortcut registered: F9
[2026-02-21T14:23:35.286Z] [INFO] Main window ready
[2026-02-21T14:24:58.937Z] [INFO] Application closing
[2026-02-21T14:25:05.984Z] [INFO] Logger initialized
[2026-02-21T14:25:05.990Z] [INFO] Application starting...
[2026-02-21T14:25:05.990Z] [INFO] Running in development mode
[2026-02-21T14:25:06.147Z] [INFO] System tray created
[2026-02-21T14:25:06.153Z] [INFO] Global shortcut registered: F9
[2026-02-21T14:25:06.927Z] [INFO] Main window ready
[2026-02-21T14:28:10.880Z] [INFO] Global shortcut registered: F9
[2026-02-21T14:31:07.030Z] [INFO] Application closing
[2026-02-21T14:31:13.522Z] [INFO] Logger initialized
[2026-02-21T14:31:13.530Z] [INFO] Application starting...
[2026-02-21T14:31:13.530Z] [INFO] Running in development mode
[2026-02-21T14:31:13.684Z] [INFO] System tray created
[2026-02-21T14:31:13.692Z] [INFO] Global shortcut registered: F9
[2026-02-21T14:31:14.545Z] [INFO] Main window ready
[2026-02-21T14:34:12.885Z] [INFO] Global shortcut registered: F9
[2026-02-21T14:34:36.561Z] [INFO] Application closing
[2026-02-21T14:34:44.150Z] [INFO] Logger initialized
[2026-02-21T14:34:44.155Z] [INFO] Application starting...
[2026-02-21T14:34:44.155Z] [INFO] Running in development mode
[2026-02-21T14:34:44.377Z] [INFO] System tray created
[2026-02-21T14:34:44.380Z] [INFO] Global shortcut registered: F9
[2026-02-21T14:34:45.224Z] [INFO] Main window ready
[2026-02-21T14:36:38.453Z] [INFO] Application closing
[2026-02-21T14:36:44.155Z] [INFO] Logger initialized
[2026-02-21T14:36:44.162Z] [INFO] Application starting...
[2026-02-21T14:36:44.162Z] [INFO] Running in development mode
[2026-02-21T14:36:44.308Z] [INFO] System tray created
[2026-02-21T14:36:44.321Z] [INFO] Global shortcut registered: F9
[2026-02-21T14:36:45.245Z] [INFO] Main window ready
[2026-02-21T14:39:34.073Z] [INFO] Application closing
[2026-02-21T14:39:46.023Z] [INFO] Logger initialized
[2026-02-21T14:39:46.030Z] [INFO] Application starting...
[2026-02-21T14:39:46.032Z] [INFO] Running in development mode
[2026-02-21T14:39:46.187Z] [INFO] System tray created
[2026-02-21T14:39:46.190Z] [INFO] Global shortcut registered: F9
[2026-02-21T14:39:46.990Z] [INFO] Main window ready
[2026-02-21T14:40:09.539Z] [INFO] Global shortcut registered: F9
[2026-02-21T14:42:20.773Z] [INFO] Application closing
[2026-02-21T14:42:27.260Z] [INFO] Logger initialized
[2026-02-21T14:42:27.270Z] [INFO] Application starting...
[2026-02-21T14:42:27.270Z] [INFO] Running in development mode
[2026-02-21T14:42:27.421Z] [INFO] System tray created
[2026-02-21T14:42:27.439Z] [INFO] Global shortcut registered: F9
[2026-02-21T14:42:28.214Z] [INFO] Main window ready
[2026-02-21T14:44:07.210Z] [INFO] Application closing
[2026-02-21T14:44:18.747Z] [INFO] Logger initialized
[2026-02-21T14:44:18.754Z] [INFO] Application starting...
[2026-02-21T14:44:18.754Z] [INFO] Running in development mode
[2026-02-21T14:44:18.913Z] [INFO] System tray created
[2026-02-21T14:44:18.920Z] [INFO] Global shortcut registered: F9
[2026-02-21T14:44:19.780Z] [INFO] Main window ready
[2026-02-21T14:51:10.962Z] [INFO] Application closing
[2026-02-21T14:51:16.094Z] [INFO] Logger initialized
[2026-02-21T14:51:16.101Z] [INFO] Application starting...
[2026-02-21T14:51:16.101Z] [INFO] Running in development mode
[2026-02-21T14:51:16.250Z] [INFO] System tray created
[2026-02-21T14:51:16.260Z] [INFO] Global shortcut registered: F9
[2026-02-21T14:51:17.048Z] [INFO] Main window ready
[2026-02-21T14:54:25.431Z] [INFO] Application closing
[2026-02-21T14:54:39.267Z] [INFO] Logger initialized
[2026-02-21T14:54:39.273Z] [INFO] Application starting...
[2026-02-21T14:54:39.273Z] [INFO] Running in development mode
[2026-02-21T14:54:39.421Z] [INFO] System tray created
[2026-02-21T14:54:39.430Z] [INFO] Global shortcut registered: F9
[2026-02-21T14:54:40.253Z] [INFO] Main window ready
[2026-02-21T14:55:05.817Z] [INFO] Recording tray created
[2026-02-21T14:58:53.706Z] [INFO] System tray created
[2026-02-21T14:58:54.315Z] [INFO] Auto-saving to: C:\Users\oluegwuc\Videos\Recording_2026-02-21_15-58-54.mp4
[2026-02-21T14:58:54.447Z] [INFO] Recording saved to temp: C:\Users\oluegwuc\AppData\Local\Temp\temp_recording_1771685934317.webm, size: 33222988 bytes
[2026-02-21T14:58:54.860Z] [INFO] Application closing
[2026-02-21T15:03:56.007Z] [INFO] Logger initialized
[2026-02-21T15:03:56.017Z] [INFO] Application starting...
[2026-02-21T15:03:56.017Z] [INFO] Running in development mode
[2026-02-21T15:03:56.189Z] [INFO] System tray created
[2026-02-21T15:03:56.198Z] [INFO] Global shortcut registered: F9
[2026-02-21T15:03:56.959Z] [INFO] Main window ready
[2026-02-21T15:04:32.401Z] [INFO] Global shortcut registered: F9
[2026-02-21T15:04:49.207Z] [INFO] Recording tray created
[2026-02-21T15:05:02.394Z] [INFO] Stop recording triggered via global shortcut
[2026-02-21T15:05:02.484Z] [INFO] System tray created
[2026-02-21T15:05:02.619Z] [INFO] Auto-saving to: C:\Users\oluegwuc\Videos\Recording_2026-02-21_16-05-02.mp4
[2026-02-21T15:05:02.632Z] [INFO] Recording saved to temp: C:\Users\oluegwuc\AppData\Local\Temp\temp_recording_1771686302620.webm, size: 9618715 bytes
[2026-02-21T15:05:02.993Z] [INFO] FFmpeg started: ffmpeg -i C:\Users\oluegwuc\AppData\Local\Temp\temp_recording_1771686302620.webm -y -c:v libx264 -crf 23 -preset medium -movflags +faststart -pix_fmt yuv420p -vsync cfr -force_key_frames expr:gte(t,n_forced*2) -r 24 -c:a aac -b:a 128k -f mp4 C:\Users\oluegwuc\Videos\Recording_2026-02-21_16-05-02.mp4
[2026-02-21T15:05:03.169Z] [INFO] FFmpeg progress: 0.1% - 00:00:00.24
[2026-02-21T15:05:03.695Z] [INFO] FFmpeg progress: 0.8750000000000001% - 00:00:02.10
[2026-02-21T15:05:04.200Z] [INFO] FFmpeg progress: 1.175% - 00:00:02.82
[2026-02-21T15:05:04.751Z] [INFO] FFmpeg progress: 1.3708333333333333% - 00:00:03.29
[2026-02-21T15:05:05.274Z] [INFO] FFmpeg progress: 1.6749999999999998% - 00:00:04.02
[2026-02-21T15:05:05.894Z] [INFO] FFmpeg progress: 1.9958333333333336% - 00:00:04.79
[2026-02-21T15:05:06.409Z] [INFO] FFmpeg progress: 2.325% - 00:00:05.58
[2026-02-21T15:05:06.998Z] [INFO] FFmpeg progress: 2.725% - 00:00:06.54
[2026-02-21T15:05:07.549Z] [INFO] FFmpeg progress: 3.025% - 00:00:07.26
[2026-02-21T15:05:08.099Z] [INFO] FFmpeg progress: 3.4000000000000004% - 00:00:08.16
[2026-02-21T15:05:08.634Z] [INFO] FFmpeg progress: 3.7708333333333335% - 00:00:09.05
[2026-02-21T15:05:09.137Z] [INFO] FFmpeg progress: 4.170833333333333% - 00:00:10.01
[2026-02-21T15:05:09.637Z] [INFO] FFmpeg progress: 4.500000000000001% - 00:00:10.80
[2026-02-21T15:05:10.166Z] [INFO] FFmpeg progress: 4.945833333333334% - 00:00:11.87
[2026-02-21T15:05:10.728Z] [INFO] FFmpeg progress: 5.4% - 00:00:12.96
[2026-02-21T15:05:11.849Z] [INFO] FFmpeg progress: 5.495833333333334% - 00:00:13.19
[2026-02-21T15:05:11.961Z] [INFO] Conversion complete: C:\Users\oluegwuc\Videos\Recording_2026-02-21_16-05-02.mp4
[2026-02-21T15:05:11.965Z] [INFO] Recording converted and saved: C:\Users\oluegwuc\Videos\Recording_2026-02-21_16-05-02.mp4
[2026-02-21T15:09:15.969Z] [INFO] Application closing
[2026-02-21T15:09:28.681Z] [INFO] Logger initialized
[2026-02-21T15:09:28.687Z] [INFO] Application starting...
[2026-02-21T15:09:28.687Z] [INFO] Running in development mode
[2026-02-21T15:09:28.835Z] [INFO] System tray created
[2026-02-21T15:09:28.839Z] [INFO] Global shortcut registered: F9
[2026-02-21T15:09:29.894Z] [INFO] Main window ready
[2026-02-21T15:09:58.154Z] [INFO] Recording tray created
[2026-02-21T15:10:12.705Z] [INFO] Stop recording triggered via global shortcut
[2026-02-21T15:10:12.783Z] [INFO] System tray created
[2026-02-21T15:10:12.899Z] [INFO] Auto-saving to: C:\Users\oluegwuc\Videos\Recording_2026-02-21_16-10-12.mp4
[2026-02-21T15:10:12.910Z] [INFO] Recording saved to temp: C:\Users\oluegwuc\AppData\Local\Temp\temp_recording_1771686612900.webm, size: 9956536 bytes
[2026-02-21T15:10:13.278Z] [INFO] FFmpeg started: ffmpeg -i C:\Users\oluegwuc\AppData\Local\Temp\temp_recording_1771686612900.webm -y -c:v libx264 -crf 23 -preset medium -movflags +faststart -pix_fmt yuv420p -vsync cfr -force_key_frames expr:gte(t,n_forced*2) -r 24 -c:a aac -b:a 128k -f mp4 C:\Users\oluegwuc\Videos\Recording_2026-02-21_16-10-12.mp4
[2026-02-21T15:10:13.447Z] [INFO] FFmpeg progress: 0.09583333333333334% - 00:00:00.23
[2026-02-21T15:10:13.987Z] [INFO] FFmpeg progress: 0.7875% - 00:00:01.89
[2026-02-21T15:10:14.539Z] [INFO] FFmpeg progress: 1.1166666666666667% - 00:00:02.68
[2026-02-21T15:10:15.072Z] [INFO] FFmpeg progress: 1.4625% - 00:00:03.51
[2026-02-21T15:10:15.612Z] [INFO] FFmpeg progress: 1.8375% - 00:00:04.41
[2026-02-21T15:10:16.214Z] [INFO] FFmpeg progress: 2.2375% - 00:00:05.37
[2026-02-21T15:10:16.723Z] [INFO] FFmpeg progress: 2.5916666666666663% - 00:00:06.22
[2026-02-21T15:10:17.231Z] [INFO] FFmpeg progress: 2.9916666666666663% - 00:00:07.18
[2026-02-21T15:10:17.766Z] [INFO] FFmpeg progress: 3.4208333333333334% - 00:00:08.21
[2026-02-21T15:10:18.338Z] [INFO] FFmpeg progress: 3.7416666666666667% - 00:00:08.98
[2026-02-21T15:10:18.913Z] [INFO] FFmpeg progress: 4.070833333333333% - 00:00:09.77
[2026-02-21T15:10:19.437Z] [INFO] FFmpeg progress: 4.416666666666667% - 00:00:10.60
[2026-02-21T15:10:19.995Z] [INFO] FFmpeg progress: 4.7875% - 00:00:11.49
[2026-02-21T15:10:20.536Z] [INFO] FFmpeg progress: 5.145833333333334% - 00:00:12.35
[2026-02-21T15:10:21.116Z] [INFO] FFmpeg progress: 5.4625% - 00:00:13.11
[2026-02-21T15:10:21.699Z] [INFO] FFmpeg progress: 5.741666666666666% - 00:00:13.78
[2026-02-21T15:10:22.173Z] [INFO] FFmpeg progress: 6.05% - 00:00:14.52
[2026-02-21T15:10:23.216Z] [INFO] FFmpeg progress: 6.070833333333334% - 00:00:14.57
[2026-02-21T15:10:23.401Z] [INFO] Conversion complete: C:\Users\oluegwuc\Videos\Recording_2026-02-21_16-10-12.mp4
[2026-02-21T15:10:23.409Z] [INFO] Recording converted and saved: C:\Users\oluegwuc\Videos\Recording_2026-02-21_16-10-12.mp4
[2026-02-21T15:10:40.959Z] [INFO] Application closing
[2026-02-21T15:15:07.907Z] [INFO] Logger initialized
[2026-02-21T15:15:07.913Z] [INFO] Application starting...
[2026-02-21T15:15:07.913Z] [INFO] Running in development mode
[2026-02-21T15:15:08.060Z] [INFO] System tray created
[2026-02-21T15:15:08.064Z] [INFO] Global shortcut registered: F9
[2026-02-21T15:15:08.855Z] [INFO] Main window ready
[2026-02-21T15:15:22.369Z] [INFO] Recording tray created
[2026-02-21T15:15:55.877Z] [INFO] System tray created
[2026-02-21T15:15:56.061Z] [INFO] Auto-saving to: C:\Users\oluegwuc\Videos\Recording_2026-02-21_16-15-56.mp4
[2026-02-21T15:15:56.076Z] [INFO] Recording saved to temp: C:\Users\oluegwuc\AppData\Local\Temp\temp_recording_1771686956062.webm, size: 11206752 bytes
[2026-02-21T15:15:56.383Z] [INFO] FFmpeg started: ffmpeg -i C:\Users\oluegwuc\AppData\Local\Temp\temp_recording_1771686956062.webm -y -c:v libx264 -crf 23 -preset medium -movflags +faststart -pix_fmt yuv420p -vsync cfr -force_key_frames expr:gte(t,n_forced*2) -r 24 -c:a aac -b:a 128k -f mp4 C:\Users\oluegwuc\Videos\Recording_2026-02-21_16-15-56.mp4
[2026-02-21T15:15:56.568Z] [INFO] FFmpeg progress: 0.09583333333333334% - 00:00:00.23
[2026-02-21T15:15:57.140Z] [INFO] FFmpeg progress: 0.8166666666666665% - 00:00:01.96
[2026-02-21T15:15:57.761Z] [INFO] FFmpeg progress: 1.1166666666666667% - 00:00:02.68
[2026-02-21T15:15:58.302Z] [INFO] FFmpeg progress: 1.4208333333333334% - 00:00:03.41
[2026-02-21T15:15:58.908Z] [INFO] FFmpeg progress: 1.6708333333333332% - 00:00:04.01
[2026-02-21T15:15:59.419Z] [INFO] FFmpeg progress: 1.8375% - 00:00:04.41
[2026-02-21T15:15:59.990Z] [INFO] FFmpeg progress: 2.220833333333333% - 00:00:05.33
[2026-02-21T15:16:00.441Z] [INFO] FFmpeg progress: 2.5125% - 00:00:06.03
[2026-02-21T15:16:00.978Z] [INFO] FFmpeg progress: 2.7875% - 00:00:06.69
[2026-02-21T15:16:01.556Z] [INFO] FFmpeg progress: 3.2166666666666663% - 00:00:07.72
[2026-02-21T15:16:01.982Z] [INFO] FFmpeg progress: 3.5458333333333334% - 00:00:08.51
[2026-02-21T15:16:02.606Z] [INFO] FFmpeg progress: 4.041666666666666% - 00:00:09.70
[2026-02-21T15:16:03.156Z] [INFO] FFmpeg progress: 4.416666666666667% - 00:00:10.60
[2026-02-21T15:16:03.688Z] [INFO] FFmpeg progress: 4.770833333333333% - 00:00:11.45
[2026-02-21T15:16:04.173Z] [INFO] FFmpeg progress: 5.0625% - 00:00:12.15
[2026-02-21T15:16:04.708Z] [INFO] FFmpeg progress: 5.366666666666667% - 00:00:12.88
[2026-02-21T15:16:05.377Z] [INFO] FFmpeg progress: 5.741666666666666% - 00:00:13.78
[2026-02-21T15:16:05.863Z] [INFO] FFmpeg progress: 6.191666666666666% - 00:00:14.86
[2026-02-21T15:16:06.393Z] [INFO] FFmpeg progress: 6.716666666666667% - 00:00:16.12
[2026-02-21T15:16:07.062Z] [INFO] FFmpeg progress: 7.062499999999999% - 00:00:16.95
[2026-02-21T15:16:07.570Z] [INFO] FFmpeg progress: 7.491666666666667% - 00:00:17.98
[2026-02-21T15:16:08.112Z] [INFO] FFmpeg progress: 7.945833333333334% - 00:00:19.07
[2026-02-21T15:16:08.644Z] [INFO] FFmpeg progress: 8.3875% - 00:00:20.13
[2026-02-21T15:16:09.158Z] [INFO] FFmpeg progress: 8.6625% - 00:00:20.79
[2026-02-21T15:16:09.710Z] [INFO] FFmpeg progress: 9.020833333333332% - 00:00:21.65
[2026-02-21T15:16:10.214Z] [INFO] FFmpeg progress: 9.341666666666667% - 00:00:22.42
[2026-02-21T15:16:10.740Z] [INFO] FFmpeg progress: 9.766666666666666% - 00:00:23.44
[2026-02-21T15:16:11.289Z] [INFO] FFmpeg progress: 10.166666666666666% - 00:00:24.40
[2026-02-21T15:16:11.826Z] [INFO] FFmpeg progress: 10.620833333333332% - 00:00:25.49
[2026-02-21T15:16:12.329Z] [INFO] FFmpeg progress: 10.991666666666667% - 00:00:26.38
[2026-02-21T15:16:12.859Z] [INFO] FFmpeg progress: 11.391666666666666% - 00:00:27.34
[2026-02-21T15:16:13.399Z] [INFO] FFmpeg progress: 11.741666666666667% - 00:00:28.18
[2026-02-21T15:16:13.945Z] [INFO] FFmpeg progress: 12.112499999999999% - 00:00:29.07
[2026-02-21T15:16:14.439Z] [INFO] FFmpeg progress: 12.512500000000001% - 00:00:30.03
[2026-02-21T15:16:14.973Z] [INFO] FFmpeg progress: 12.941666666666665% - 00:00:31.06
[2026-02-21T15:16:15.592Z] [INFO] FFmpeg progress: 13.391666666666666% - 00:00:32.14
[2026-02-21T15:16:16.005Z] [INFO] FFmpeg progress: 13.695833333333333% - 00:00:32.87
[2026-02-21T15:16:16.524Z] [INFO] FFmpeg progress: 13.899999999999999% - 00:00:33.36
[2026-02-21T15:16:17.410Z] [INFO] FFmpeg progress: 13.916666666666666% - 00:00:33.40
[2026-02-21T15:16:17.544Z] [INFO] Conversion complete: C:\Users\oluegwuc\Videos\Recording_2026-02-21_16-15-56.mp4
[2026-02-21T15:16:17.549Z] [INFO] Recording converted and saved: C:\Users\oluegwuc\Videos\Recording_2026-02-21_16-15-56.mp4
[2026-02-21T15:17:04.059Z] [INFO] Application closing
[2026-02-21T15:20:33.813Z] [INFO] Logger initialized
[2026-02-21T15:20:33.822Z] [INFO] Application starting...
[2026-02-21T15:20:33.825Z] [INFO] Running in development mode
[2026-02-21T15:20:34.151Z] [INFO] System tray created
[2026-02-21T15:20:34.162Z] [INFO] Global shortcut registered: F9
[2026-02-21T15:20:35.142Z] [INFO] Main window ready
[2026-02-21T15:21:21.236Z] [INFO] Global shortcut registered: F9
[2026-02-21T15:21:30.466Z] [INFO] Global shortcut registered: F9
[2026-02-21T15:21:37.544Z] [INFO] Recording tray created
[2026-02-21T15:22:16.792Z] [INFO] Stop recording triggered via global shortcut
[2026-02-21T15:22:16.882Z] [INFO] System tray created
[2026-02-21T15:22:17.081Z] [INFO] Auto-saving to: C:\Users\oluegwuc\Videos\Recording_2026-02-21_16-22-17.mp4
[2026-02-21T15:22:17.186Z] [INFO] Recording saved to temp: C:\Users\oluegwuc\AppData\Local\Temp\temp_recording_1771687337081.webm, size: 14058979 bytes
[2026-02-21T15:22:17.509Z] [INFO] FFmpeg started: ffmpeg -i C:\Users\oluegwuc\AppData\Local\Temp\temp_recording_1771687337081.webm -y -c:v libx264 -crf 23 -preset medium -movflags +faststart -pix_fmt yuv420p -vsync cfr -force_key_frames expr:gte(t,n_forced*2) -r 24 -c:a aac -b:a 128k -f mp4 C:\Users\oluegwuc\Videos\Recording_2026-02-21_16-22-17.mp4
[2026-02-21T15:22:17.664Z] [INFO] FFmpeg progress: 0.08333333333333334% - 00:00:00.20
[2026-02-21T15:22:18.170Z] [INFO] FFmpeg progress: 0.8041666666666666% - 00:00:01.93
[2026-02-21T15:22:18.667Z] [INFO] FFmpeg progress: 1.2041666666666668% - 00:00:02.89
[2026-02-21T15:22:19.205Z] [INFO] FFmpeg progress: 1.5333333333333334% - 00:00:03.68
[2026-02-21T15:22:19.712Z] [INFO] FFmpeg progress: 1.9583333333333335% - 00:00:04.70
[2026-02-21T15:22:20.215Z] [INFO] FFmpeg progress: 2.2791666666666663% - 00:00:05.47
[2026-02-21T15:22:20.787Z] [INFO] FFmpeg progress: 2.7875% - 00:00:06.69
[2026-02-21T15:22:21.359Z] [INFO] FFmpeg progress: 3.229166666666667% - 00:00:07.75
[2026-02-21T15:22:21.888Z] [INFO] FFmpeg progress: 3.6583333333333328% - 00:00:08.78
[2026-02-21T15:22:22.413Z] [INFO] FFmpeg progress: 4.083333333333334% - 00:00:09.80
[2026-02-21T15:22:22.914Z] [INFO] FFmpeg progress: 4.4833333333333325% - 00:00:10.76
[2026-02-21T15:22:23.421Z] [INFO] FFmpeg progress: 5.033333333333333% - 00:00:12.08
[2026-02-21T15:22:23.926Z] [INFO] FFmpeg progress: 5.408333333333334% - 00:00:12.98
[2026-02-21T15:22:24.427Z] [INFO] FFmpeg progress: 5.833333333333333% - 00:00:14.00
[2026-02-21T15:22:24.955Z] [INFO] FFmpeg progress: 6.233333333333333% - 00:00:14.96
[2026-02-21T15:22:25.460Z] [INFO] FFmpeg progress: 6.529166666666667% - 00:00:15.67
[2026-02-21T15:22:25.982Z] [INFO] FFmpeg progress: 7.033333333333333% - 00:00:16.88
[2026-02-21T15:22:26.485Z] [INFO] FFmpeg progress: 7.629166666666666% - 00:00:18.31
[2026-02-21T15:22:26.996Z] [INFO] FFmpeg progress: 8.333333333333332% - 00:00:20.00
[2026-02-21T15:22:27.503Z] [INFO] FFmpeg progress: 9.008333333333333% - 00:00:21.62
[2026-02-21T15:22:28.025Z] [INFO] FFmpeg progress: 9.683333333333334% - 00:00:23.24
[2026-02-21T15:22:28.534Z] [INFO] FFmpeg progress: 10.333333333333334% - 00:00:24.80
[2026-02-21T15:22:29.045Z] [INFO] FFmpeg progress: 11.133333333333333% - 00:00:26.72
[2026-02-21T15:22:29.560Z] [INFO] FFmpeg progress: 11.854166666666668% - 00:00:28.45
[2026-02-21T15:22:30.065Z] [INFO] FFmpeg progress: 12.554166666666667% - 00:00:30.13
[2026-02-21T15:22:30.570Z] [INFO] FFmpeg progress: 13.258333333333333% - 00:00:31.82
[2026-02-21T15:22:31.087Z] [INFO] FFmpeg progress: 13.933333333333334% - 00:00:33.44
[2026-02-21T15:22:31.582Z] [INFO] FFmpeg progress: 14.654166666666669% - 00:00:35.17
[2026-02-21T15:22:32.113Z] [INFO] FFmpeg progress: 15.308333333333335% - 00:00:36.74
[2026-02-21T15:22:32.626Z] [INFO] FFmpeg progress: 15.808333333333332% - 00:00:37.94
[2026-02-21T15:22:33.134Z] [INFO] FFmpeg progress: 16.333333333333336% - 00:00:39.20
[2026-02-21T15:22:34.452Z] [INFO] FFmpeg progress: 16.3875% - 00:00:39.33
[2026-02-21T15:22:34.557Z] [INFO] Conversion complete: C:\Users\oluegwuc\Videos\Recording_2026-02-21_16-22-17.mp4
[2026-02-21T15:22:34.562Z] [INFO] Recording converted and saved: C:\Users\oluegwuc\Videos\Recording_2026-02-21_16-22-17.mp4
[2026-02-21T15:25:21.430Z] [ERROR] File not found: C:\Users\oluegwuc\Videos\Recording_2026-02-21_16-10-12.mp4
[2026-02-21T15:25:30.229Z] [ERROR] File not found: C:\Users\oluegwuc\Videos\Recording_2026-02-21_16-15-56.mp4
[2026-02-21T15:26:20.605Z] [INFO] Recording tray created
[2026-02-21T15:28:02.615Z] [INFO] Stop recording triggered via global shortcut
[2026-02-21T15:28:02.654Z] [INFO] System tray created
[2026-02-21T15:28:03.158Z] [INFO] Auto-saving to: C:\Users\oluegwuc\Videos\Recording_2026-02-21_16-28-03.mp4
[2026-02-21T15:28:03.313Z] [INFO] Recording saved to temp: C:\Users\oluegwuc\AppData\Local\Temp\temp_recording_1771687683159.webm, size: 36927135 bytes
[2026-02-21T15:28:03.359Z] [INFO] FFmpeg started: ffmpeg -i C:\Users\oluegwuc\AppData\Local\Temp\temp_recording_1771687683159.webm -y -c:v libx264 -crf 23 -preset medium -movflags +faststart -pix_fmt yuv420p -vsync cfr -force_key_frames expr:gte(t,n_forced*2) -r 24 -c:a aac -b:a 128k -f mp4 C:\Users\oluegwuc\Videos\Recording_2026-02-21_16-28-03.mp4
[2026-02-21T15:28:03.535Z] [INFO] FFmpeg progress: 0.05833333333333334% - 00:00:00.14
[2026-02-21T15:28:04.092Z] [INFO] FFmpeg progress: 0.8041666666666666% - 00:00:01.93
[2026-02-21T15:28:04.598Z] [INFO] FFmpeg progress: 1.1875% - 00:00:02.85
[2026-02-21T15:28:05.146Z] [INFO] FFmpeg progress: 1.633333333333333% - 00:00:03.92
[2026-02-21T15:28:05.677Z] [INFO] FFmpeg progress: 2.2083333333333335% - 00:00:05.30
[2026-02-21T15:28:06.163Z] [INFO] FFmpeg progress: 2.733333333333333% - 00:00:06.56
[2026-02-21T15:28:06.673Z] [INFO] FFmpeg progress: 3.1625% - 00:00:07.59
[2026-02-21T15:28:07.220Z] [INFO] FFmpeg progress: 3.7125% - 00:00:08.91
[2026-02-21T15:28:07.750Z] [INFO] FFmpeg progress: 4.254166666666667% - 00:00:10.21
[2026-02-21T15:28:08.249Z] [INFO] FFmpeg progress: 4.883333333333333% - 00:00:11.72
[2026-02-21T15:28:08.749Z] [INFO] FFmpeg progress: 5.329166666666666% - 00:00:12.79
[2026-02-21T15:28:09.252Z] [INFO] FFmpeg progress: 5.754166666666667% - 00:00:13.81
[2026-02-21T15:28:09.810Z] [INFO] FFmpeg progress: 6.254166666666666% - 00:00:15.01
[2026-02-21T15:28:10.415Z] [INFO] FFmpeg progress: 6.787499999999999% - 00:00:16.29
[2026-02-21T15:28:11.023Z] [INFO] FFmpeg progress: 7.079166666666666% - 00:00:16.99
[2026-02-21T15:28:11.602Z] [INFO] FFmpeg progress: 7.533333333333332% - 00:00:18.08
[2026-02-21T15:28:12.037Z] [INFO] FFmpeg progress: 7.783333333333334% - 00:00:18.68
[2026-02-21T15:28:12.545Z] [INFO] FFmpeg progress: 8.333333333333332% - 00:00:20.00
[2026-02-21T15:28:13.136Z] [INFO] FFmpeg progress: 8.929166666666667% - 00:00:21.43
[2026-02-21T15:28:13.667Z] [INFO] FFmpeg progress: 9.508333333333335% - 00:00:22.82
[2026-02-21T15:28:14.170Z] [INFO] FFmpeg progress: 10.083333333333332% - 00:00:24.20
[2026-02-21T15:28:14.687Z] [INFO] FFmpeg progress: 10.708333333333334% - 00:00:25.70
[2026-02-21T15:28:15.182Z] [INFO] FFmpeg progress: 11.283333333333333% - 00:00:27.08
[2026-02-21T15:28:15.697Z] [INFO] FFmpeg progress: 11.879166666666666% - 00:00:28.51
[2026-02-21T15:28:16.204Z] [INFO] FFmpeg progress: 12.308333333333334% - 00:00:29.54
[2026-02-21T15:28:16.714Z] [INFO] FFmpeg progress: 12.733333333333333% - 00:00:30.56
[2026-02-21T15:28:17.307Z] [INFO] FFmpeg progress: 13.008333333333333% - 00:00:31.22
[2026-02-21T15:28:17.758Z] [INFO] FFmpeg progress: 13.408333333333333% - 00:00:32.18
[2026-02-21T15:28:18.261Z] [INFO] FFmpeg progress: 13.808333333333334% - 00:00:33.14
[2026-02-21T15:28:18.770Z] [INFO] FFmpeg progress: 14.2375% - 00:00:34.17
[2026-02-21T15:28:19.275Z] [INFO] FFmpeg progress: 14.529166666666665% - 00:00:34.87
[2026-02-21T15:28:19.789Z] [INFO] FFmpeg progress: 14.883333333333331% - 00:00:35.72
[2026-02-21T15:28:20.309Z] [INFO] FFmpeg progress: 15.258333333333333% - 00:00:36.62
[2026-02-21T15:28:20.838Z] [INFO] FFmpeg progress: 15.558333333333335% - 00:00:37.34
[2026-02-21T15:28:21.381Z] [INFO] FFmpeg progress: 15.958333333333332% - 00:00:38.30
[2026-02-21T15:28:21.922Z] [INFO] FFmpeg progress: 16.333333333333336% - 00:00:39.20
[2026-02-21T15:28:22.423Z] [INFO] FFmpeg progress: 16.7875% - 00:00:40.29
[2026-02-21T15:28:22.939Z] [INFO] FFmpeg progress: 17.408333333333335% - 00:00:41.78
[2026-02-21T15:28:23.466Z] [INFO] FFmpeg progress: 17.958333333333336% - 00:00:43.10
[2026-02-21T15:28:23.980Z] [INFO] FFmpeg progress: 18.458333333333332% - 00:00:44.30
[2026-02-21T15:28:24.487Z] [INFO] FFmpeg progress: 19.079166666666666% - 00:00:45.79
[2026-02-21T15:28:24.997Z] [INFO] FFmpeg progress: 19.558333333333334% - 00:00:46.94
[2026-02-21T15:28:25.500Z] [INFO] FFmpeg progress: 20.058333333333334% - 00:00:48.14
[2026-02-21T15:28:26.004Z] [INFO] FFmpeg progress: 20.608333333333334% - 00:00:49.46
[2026-02-21T15:28:26.548Z] [INFO] FFmpeg progress: 21.1875% - 00:00:50.85
[2026-02-21T15:28:27.071Z] [INFO] FFmpeg progress: 21.683333333333334% - 00:00:52.04
[2026-02-21T15:28:27.681Z] [INFO] FFmpeg progress: 22.112499999999997% - 00:00:53.07
[2026-02-21T15:28:28.097Z] [INFO] FFmpeg progress: 22.554166666666667% - 00:00:54.13
[2026-02-21T15:28:28.626Z] [INFO] FFmpeg progress: 23.108333333333334% - 00:00:55.46
[2026-02-21T15:28:29.126Z] [INFO] FFmpeg progress: 23.5875% - 00:00:56.61
[2026-02-21T15:28:29.639Z] [INFO] FFmpeg progress: 23.879166666666666% - 00:00:57.31
[2026-02-21T15:28:30.188Z] [INFO] FFmpeg progress: 24.27916666666667% - 00:00:58.27
[2026-02-21T15:28:30.688Z] [INFO] FFmpeg progress: 24.637500000000003% - 00:00:59.13
[2026-02-21T15:28:31.240Z] [INFO] FFmpeg progress: 25.0375% - 00:01:00.09
[2026-02-21T15:28:31.744Z] [INFO] FFmpeg progress: 25.354166666666668% - 00:01:00.85
[2026-02-21T15:28:32.288Z] [INFO] FFmpeg progress: 25.533333333333335% - 00:01:01.28
[2026-02-21T15:28:32.876Z] [INFO] FFmpeg progress: 25.90833333333333% - 00:01:02.18
[2026-02-21T15:28:33.397Z] [INFO] FFmpeg progress: 26.208333333333332% - 00:01:02.90
[2026-02-21T15:28:33.933Z] [INFO] FFmpeg progress: 26.483333333333338% - 00:01:03.56
[2026-02-21T15:28:34.432Z] [INFO] FFmpeg progress: 26.758333333333333% - 00:01:04.22
[2026-02-21T15:28:34.953Z] [INFO] FFmpeg progress: 27.158333333333335% - 00:01:05.18
[2026-02-21T15:28:35.506Z] [INFO] FFmpeg progress: 27.658333333333328% - 00:01:06.38
[2026-02-21T15:28:36.067Z] [INFO] FFmpeg progress: 28.129166666666666% - 00:01:07.51
[2026-02-21T15:28:36.594Z] [INFO] FFmpeg progress: 28.6375% - 00:01:08.73
[2026-02-21T15:28:37.103Z] [INFO] FFmpeg progress: 29.158333333333335% - 00:01:09.98
[2026-02-21T15:28:37.612Z] [INFO] FFmpeg progress: 29.633333333333333% - 00:01:11.12
[2026-02-21T15:28:38.111Z] [INFO] FFmpeg progress: 30.112499999999997% - 00:01:12.27
[2026-02-21T15:28:38.733Z] [INFO] FFmpeg progress: 30.708333333333332% - 00:01:13.70
[2026-02-21T15:28:39.245Z] [INFO] FFmpeg progress: 31.054166666666667% - 00:01:14.53
[2026-02-21T15:28:39.745Z] [INFO] FFmpeg progress: 31.604166666666668% - 00:01:15.85
[2026-02-21T15:28:40.272Z] [INFO] FFmpeg progress: 32.05833333333333% - 00:01:16.94
[2026-02-21T15:28:40.817Z] [INFO] FFmpeg progress: 32.637499999999996% - 00:01:18.33
[2026-02-21T15:28:41.328Z] [INFO] FFmpeg progress: 33.233333333333334% - 00:01:19.76
[2026-02-21T15:28:41.866Z] [INFO] FFmpeg progress: 33.837500000000006% - 00:01:21.21
[2026-02-21T15:28:42.340Z] [INFO] FFmpeg progress: 34.20833333333333% - 00:01:22.10
[2026-02-21T15:28:42.848Z] [INFO] FFmpeg progress: 34.80416666666667% - 00:01:23.53
[2026-02-21T15:28:43.352Z] [INFO] FFmpeg progress: 35.3125% - 00:01:24.75
[2026-02-21T15:28:43.869Z] [INFO] FFmpeg progress: 35.90833333333334% - 00:01:26.18
[2026-02-21T15:28:44.404Z] [INFO] FFmpeg progress: 36.43333333333334% - 00:01:27.44
[2026-02-21T15:28:44.922Z] [INFO] FFmpeg progress: 36.983333333333334% - 00:01:28.76
[2026-02-21T15:28:45.442Z] [INFO] FFmpeg progress: 37.53333333333334% - 00:01:30.08
[2026-02-21T15:28:45.974Z] [INFO] FFmpeg progress: 38.05833333333333% - 00:01:31.34
[2026-02-21T15:28:46.549Z] [INFO] FFmpeg progress: 38.387499999999996% - 00:01:32.13
[2026-02-21T15:28:47.048Z] [INFO] FFmpeg progress: 38.92916666666667% - 00:01:33.43
[2026-02-21T15:28:47.550Z] [INFO] FFmpeg progress: 39.508333333333326% - 00:01:34.82
[2026-02-21T15:28:48.104Z] [INFO] FFmpeg progress: 40.08333333333333% - 00:01:36.20
[2026-02-21T15:28:48.611Z] [INFO] FFmpeg progress: 40.80416666666667% - 00:01:37.93
[2026-02-21T15:28:49.144Z] [INFO] FFmpeg progress: 41.40833333333333% - 00:01:39.38
[2026-02-21T15:28:49.685Z] [INFO] FFmpeg progress: 41.987500000000004% - 00:01:40.77
[2026-02-21T15:28:50.887Z] [INFO] FFmpeg progress: 42.5125% - 00:01:42.03
[2026-02-21T15:28:51.047Z] [INFO] Conversion complete: C:\Users\oluegwuc\Videos\Recording_2026-02-21_16-28-03.mp4
[2026-02-21T15:28:51.060Z] [INFO] Recording converted and saved: C:\Users\oluegwuc\Videos\Recording_2026-02-21_16-28-03.mp4
[2026-02-21T15:31:00.267Z] [INFO] Application closing
[2026-02-21T15:31:06.477Z] [INFO] Logger initialized
[2026-02-21T15:31:06.484Z] [INFO] Application starting...
[2026-02-21T15:31:06.485Z] [INFO] Running in development mode
[2026-02-21T15:31:06.647Z] [INFO] System tray created
[2026-02-21T15:31:06.660Z] [INFO] Global shortcut registered: F9
[2026-02-21T15:31:07.431Z] [INFO] Main window ready
[2026-02-21T15:31:18.751Z] [INFO] Global shortcut registered: F9
[2026-02-21T15:31:28.214Z] [INFO] Recording tray created
[2026-02-21T15:31:40.011Z] [INFO] Stop recording triggered via global shortcut
[2026-02-21T15:31:40.126Z] [INFO] System tray created
[2026-02-21T15:31:40.242Z] [INFO] Auto-saving to: C:\Users\oluegwuc\Videos\Recording_2026-02-21_16-31-40.mp4
[2026-02-21T15:31:40.254Z] [INFO] Recording saved to temp: C:\Users\oluegwuc\AppData\Local\Temp\temp_recording_1771687900244.webm, size: 7769165 bytes
[2026-02-21T15:31:40.557Z] [INFO] FFmpeg started: ffmpeg -i C:\Users\oluegwuc\AppData\Local\Temp\temp_recording_1771687900244.webm -y -c:v libx264 -crf 23 -preset medium -movflags +faststart -pix_fmt yuv420p -vsync cfr -force_key_frames expr:gte(t,n_forced*2) -r 24 -c:a aac -b:a 128k -f mp4 C:\Users\oluegwuc\Videos\Recording_2026-02-21_16-31-40.mp4
[2026-02-21T15:31:40.708Z] [INFO] FFmpeg progress: 0.07083333333333333% - 00:00:00.17
[2026-02-21T15:31:41.213Z] [INFO] FFmpeg progress: 0.7916666666666665% - 00:00:01.90
[2026-02-21T15:31:41.749Z] [INFO] FFmpeg progress: 1.175% - 00:00:02.82
[2026-02-21T15:31:42.255Z] [INFO] FFmpeg progress: 1.5208333333333333% - 00:00:03.65
[2026-02-21T15:31:42.787Z] [INFO] FFmpeg progress: 1.9208333333333334% - 00:00:04.61
[2026-02-21T15:31:43.357Z] [INFO] FFmpeg progress: 2.3208333333333333% - 00:00:05.57
[2026-02-21T15:31:43.792Z] [INFO] FFmpeg progress: 2.666666666666667% - 00:00:06.40
[2026-02-21T15:31:44.307Z] [INFO] FFmpeg progress: 3.0208333333333335% - 00:00:07.25
[2026-02-21T15:31:44.830Z] [INFO] FFmpeg progress: 3.4416666666666664% - 00:00:08.26
[2026-02-21T15:31:45.358Z] [INFO] FFmpeg progress: 3.920833333333333% - 00:00:09.41
[2026-02-21T15:31:45.863Z] [INFO] FFmpeg progress: 4.320833333333333% - 00:00:10.37
[2026-02-21T15:31:46.369Z] [INFO] FFmpeg progress: 4.720833333333333% - 00:00:11.33
[2026-02-21T15:31:47.471Z] [INFO] FFmpeg progress: 4.941666666666666% - 00:00:11.86
[2026-02-21T15:31:47.572Z] [INFO] Conversion complete: C:\Users\oluegwuc\Videos\Recording_2026-02-21_16-31-40.mp4
[2026-02-21T15:31:47.575Z] [INFO] Recording converted and saved: C:\Users\oluegwuc\Videos\Recording_2026-02-21_16-31-40.mp4
[2026-02-21T15:38:56.459Z] [INFO] Application closing
[2026-02-21T15:39:15.132Z] [INFO] Logger initialized
[2026-02-21T15:39:15.137Z] [INFO] Application starting...
[2026-02-21T15:39:15.138Z] [INFO] Running in development mode
[2026-02-21T15:39:15.292Z] [INFO] System tray created
[2026-02-21T15:39:15.300Z] [INFO] Global shortcut registered: F9
[2026-02-21T15:39:16.198Z] [INFO] Main window ready
[2026-02-21T15:39:47.988Z] [INFO] Global shortcut registered: F9
[2026-02-21T15:39:59.736Z] [INFO] Recording tray created
[2026-02-21T15:40:43.138Z] [INFO] System tray created
[2026-02-21T15:40:43.321Z] [INFO] Auto-saving to: C:\Users\oluegwuc\Videos\Recording_2026-02-21_16-40-43.mp4
[2026-02-21T15:40:43.335Z] [INFO] Recording saved to temp: C:\Users\oluegwuc\AppData\Local\Temp\temp_recording_1771688443322.webm, size: 13548848 bytes
[2026-02-21T15:40:43.639Z] [INFO] FFmpeg started: ffmpeg -i C:\Users\oluegwuc\AppData\Local\Temp\temp_recording_1771688443322.webm -y -c:v libx264 -crf 23 -preset medium -movflags +faststart -pix_fmt yuv420p -vsync cfr -force_key_frames expr:gte(t,n_forced*2) -r 24 -c:a aac -b:a 128k -f mp4 C:\Users\oluegwuc\Videos\Recording_2026-02-21_16-40-43.mp4
[2026-02-21T15:40:43.795Z] [INFO] FFmpeg progress: 0.08750000000000001% - 00:00:00.21
[2026-02-21T15:40:44.278Z] [INFO] FFmpeg progress: 0.8083333333333333% - 00:00:01.94
[2026-02-21T15:40:44.790Z] [INFO] FFmpeg progress: 1.1666666666666665% - 00:00:02.80
[2026-02-21T15:40:45.292Z] [INFO] FFmpeg progress: 1.5666666666666667% - 00:00:03.76
[2026-02-21T15:40:45.801Z] [INFO] FFmpeg progress: 1.9375% - 00:00:04.65
[2026-02-21T15:40:46.364Z] [INFO] FFmpeg progress: 2.3916666666666666% - 00:00:05.74
[2026-02-21T15:40:46.872Z] [INFO] FFmpeg progress: 2.8874999999999997% - 00:00:06.93
[2026-02-21T15:40:47.481Z] [INFO] FFmpeg progress: 3.3875% - 00:00:08.13
[2026-02-21T15:40:48.019Z] [INFO] FFmpeg progress: 3.9375% - 00:00:09.45
[2026-02-21T15:40:48.485Z] [INFO] FFmpeg progress: 4.283333333333332% - 00:00:10.28
[2026-02-21T15:40:49.038Z] [INFO] FFmpeg progress: 4.8625% - 00:00:11.67
[2026-02-21T15:40:49.545Z] [INFO] FFmpeg progress: 5.358333333333333% - 00:00:12.86
[2026-02-21T15:40:50.104Z] [INFO] FFmpeg progress: 5.9375% - 00:00:14.25
[2026-02-21T15:40:50.645Z] [INFO] FFmpeg progress: 6.533333333333332% - 00:00:15.68
[2026-02-21T15:40:51.212Z] [INFO] FFmpeg progress: 6.987499999999999% - 00:00:16.77
[2026-02-21T15:40:51.716Z] [INFO] FFmpeg progress: 7.483333333333333% - 00:00:17.96
[2026-02-21T15:40:52.248Z] [INFO] FFmpeg progress: 7.912499999999999% - 00:00:18.99
[2026-02-21T15:40:52.806Z] [INFO] FFmpeg progress: 8.462499999999999% - 00:00:20.31
[2026-02-21T15:40:53.344Z] [INFO] FFmpeg progress: 8.8875% - 00:00:21.33
[2026-02-21T15:40:53.852Z] [INFO] FFmpeg progress: 9.2875% - 00:00:22.29
[2026-02-21T15:40:54.353Z] [INFO] FFmpeg progress: 9.758333333333335% - 00:00:23.42
[2026-02-21T15:40:55.062Z] [INFO] FFmpeg progress: 10.2125% - 00:00:24.51
[2026-02-21T15:40:55.586Z] [INFO] FFmpeg progress: 10.7375% - 00:00:25.77
[2026-02-21T15:40:56.122Z] [INFO] FFmpeg progress: 11.1375% - 00:00:26.73
[2026-02-21T15:40:56.635Z] [INFO] FFmpeg progress: 11.458333333333332% - 00:00:27.50
[2026-02-21T15:40:57.166Z] [INFO] FFmpeg progress: 11.7875% - 00:00:28.29
[2026-02-21T15:40:57.679Z] [INFO] FFmpeg progress: 12.258333333333333% - 00:00:29.42
[2026-02-21T15:40:58.200Z] [INFO] FFmpeg progress: 12.712500000000002% - 00:00:30.51
[2026-02-21T15:40:58.744Z] [INFO] FFmpeg progress: 13.208333333333332% - 00:00:31.70
[2026-02-21T15:40:59.256Z] [INFO] FFmpeg progress: 13.716666666666669% - 00:00:32.92
[2026-02-21T15:40:59.857Z] [INFO] FFmpeg progress: 14.241666666666667% - 00:00:34.18
[2026-02-21T15:41:00.399Z] [INFO] FFmpeg progress: 14.7125% - 00:00:35.31
[2026-02-21T15:41:01.043Z] [INFO] FFmpeg progress: 15.191666666666666% - 00:00:36.46
[2026-02-21T15:41:01.568Z] [INFO] FFmpeg progress: 15.566666666666668% - 00:00:37.36
[2026-02-21T15:41:02.081Z] [INFO] FFmpeg progress: 16.0625% - 00:00:38.55
[2026-02-21T15:41:02.579Z] [INFO] FFmpeg progress: 16.437500000000004% - 00:00:39.45
[2026-02-21T15:41:03.108Z] [INFO] FFmpeg progress: 16.916666666666664% - 00:00:40.60
[2026-02-21T15:41:03.590Z] [INFO] FFmpeg progress: 17.441666666666666% - 00:00:41.86
[2026-02-21T15:41:04.145Z] [INFO] FFmpeg progress: 17.883333333333333% - 00:00:42.92
[2026-02-21T15:41:05.049Z] [INFO] FFmpeg progress: 18.0875% - 00:00:43.41
[2026-02-21T15:41:05.152Z] [INFO] Conversion complete: C:\Users\oluegwuc\Videos\Recording_2026-02-21_16-40-43.mp4
[2026-02-21T15:41:05.157Z] [INFO] Recording converted and saved: C:\Users\oluegwuc\Videos\Recording_2026-02-21_16-40-43.mp4
[2026-02-21T15:41:10.241Z] [INFO] Application closing
[2026-02-21T15:46:51.965Z] [INFO] Logger initialized
[2026-02-21T15:46:51.970Z] [INFO] Application starting...
[2026-02-21T15:46:51.971Z] [INFO] Running in development mode
[2026-02-21T15:46:52.123Z] [INFO] System tray created
[2026-02-21T15:46:52.136Z] [INFO] Global shortcut registered: F9
[2026-02-21T15:46:52.400Z] [INFO] Hardware encoder availability - NVENC: false, QSV: false, AMF: false
[2026-02-21T15:46:52.403Z] [INFO] Hardware encoders detected: NVENC=false, QSV=false, AMF=false
[2026-02-21T15:46:52.958Z] [INFO] Main window ready
[2026-02-21T15:48:01.648Z] [INFO] Global shortcut registered: F9
[2026-02-21T15:48:11.591Z] [INFO] Recording tray created
[2026-02-21T15:48:27.748Z] [INFO] System tray created
[2026-02-21T15:48:27.855Z] [INFO] Auto-saving to: C:\Users\oluegwuc\Videos\Recording_2026-02-21_16-48-27.mp4
[2026-02-21T15:48:27.863Z] [INFO] Recording saved to temp: C:\Users\oluegwuc\AppData\Local\Temp\temp_recording_1771688907855.webm, size: 7182058 bytes
[2026-02-21T15:48:28.198Z] [INFO] FFmpeg started: ffmpeg -i C:\Users\oluegwuc\AppData\Local\Temp\temp_recording_1771688907855.webm -y -c:v libx264 -crf 23 -preset medium -movflags +faststart -pix_fmt yuv420p -vsync cfr -force_key_frames expr:gte(t,n_forced*2) -r 24 -c:a aac -b:a 128k -f mp4 C:\Users\oluegwuc\Videos\Recording_2026-02-21_16-48-27.mp4
[2026-02-21T15:48:28.349Z] [INFO] FFmpeg progress: 0.10416666666666667% - 00:00:00.25
[2026-02-21T15:48:28.908Z] [INFO] FFmpeg progress: 0.9208333333333334% - 00:00:02.21
[2026-02-21T15:48:29.410Z] [INFO] FFmpeg progress: 1.35% - 00:00:03.24
[2026-02-21T15:48:29.920Z] [INFO] FFmpeg progress: 1.8041666666666667% - 00:00:04.33
[2026-02-21T15:48:30.461Z] [INFO] FFmpeg progress: 2.3% - 00:00:05.52
[2026-02-21T15:48:31.000Z] [INFO] FFmpeg progress: 2.904166666666667% - 00:00:06.97
[2026-02-21T15:48:31.525Z] [INFO] FFmpeg progress: 3.4041666666666663% - 00:00:08.17
[2026-02-21T15:48:32.023Z] [INFO] FFmpeg progress: 3.979166666666667% - 00:00:09.55
[2026-02-21T15:48:32.534Z] [INFO] FFmpeg progress: 4.504166666666666% - 00:00:10.81
[2026-02-21T15:48:33.100Z] [INFO] FFmpeg progress: 5.029166666666667% - 00:00:12.07
[2026-02-21T15:48:33.542Z] [INFO] FFmpeg progress: 5.65% - 00:00:13.56
[2026-02-21T15:48:34.075Z] [INFO] FFmpeg progress: 6.325% - 00:00:15.18
[2026-02-21T15:48:35.059Z] [INFO] FFmpeg progress: 6.7250000000000005% - 00:00:16.14
[2026-02-21T15:48:35.166Z] [INFO] Conversion complete: C:\Users\oluegwuc\Videos\Recording_2026-02-21_16-48-27.mp4
[2026-02-21T15:48:35.170Z] [INFO] Recording converted and saved: C:\Users\oluegwuc\Videos\Recording_2026-02-21_16-48-27.mp4
[2026-02-21T15:49:33.644Z] [INFO] Application closing
[2026-02-21T15:49:46.338Z] [INFO] Logger initialized
[2026-02-21T15:49:46.344Z] [INFO] Application starting...
[2026-02-21T15:49:46.347Z] [INFO] Running in development mode
[2026-02-21T15:49:46.511Z] [INFO] System tray created
[2026-02-21T15:49:46.519Z] [INFO] Global shortcut registered: F9
[2026-02-21T15:49:46.773Z] [INFO] Hardware encoder availability - NVENC: false, QSV: false, AMF: false
[2026-02-21T15:49:46.775Z] [INFO] Hardware encoders detected: NVENC=false, QSV=false, AMF=false
[2026-02-21T15:49:47.439Z] [INFO] Main window ready
[2026-02-21T15:52:31.426Z] [INFO] Application closing
[2026-02-21T16:00:59.825Z] [INFO] Logger initialized
[2026-02-21T16:00:59.835Z] [INFO] Application starting...
[2026-02-21T16:00:59.836Z] [INFO] Running in development mode
[2026-02-21T16:01:00.024Z] [INFO] System tray created
[2026-02-21T16:01:00.037Z] [INFO] Global shortcut registered: F9
[2026-02-21T16:01:01.058Z] [INFO] Main window ready
[2026-02-21T16:01:29.712Z] [INFO] Checking hardware encoders with: "C:\Users\oluegwuc\Desktop\projects\Electron js\ScreenCapturer\node_modules\ffmpeg-static\ffmpeg.exe"
[2026-02-21T16:01:29.893Z] [INFO] Hardware encoder availability - NVENC: true, QSV: true, AMF: true
[2026-02-21T16:03:00.747Z] [INFO] Global shortcut registered: F9
[2026-02-21T16:06:24.150Z] [INFO] Checking hardware encoders with: "C:\Users\oluegwuc\Desktop\projects\Electron js\ScreenCapturer\node_modules\ffmpeg-static\ffmpeg.exe"
[2026-02-21T16:06:24.417Z] [INFO] Hardware encoder availability - NVENC: true, QSV: true, AMF: true
[2026-02-21T16:06:31.576Z] [INFO] Global shortcut registered: F9
[2026-02-21T16:06:41.866Z] [INFO] Recording tray created
[2026-02-21T16:07:15.442Z] [INFO] Stop recording triggered via global shortcut
[2026-02-21T16:07:15.522Z] [INFO] System tray created
[2026-02-21T16:07:15.672Z] [INFO] Auto-saving to: C:\Users\oluegwuc\Videos\Recording_2026-02-21_17-07-15.mp4
[2026-02-21T16:07:15.686Z] [INFO] Recording saved to temp: C:\Users\oluegwuc\AppData\Local\Temp\temp_recording_1771690035673.webm, size: 9229284 bytes
[2026-02-21T16:07:16.061Z] [INFO] FFmpeg started: ffmpeg -i C:\Users\oluegwuc\AppData\Local\Temp\temp_recording_1771690035673.webm -y -c:v libx264 -crf 23 -preset medium -movflags +faststart -pix_fmt yuv420p -vsync cfr -force_key_frames expr:gte(t,n_forced*2) -r 24 -c:a aac -b:a 128k -f mp4 C:\Users\oluegwuc\Videos\Recording_2026-02-21_17-07-15.mp4
[2026-02-21T16:07:16.340Z] [INFO] FFmpeg progress: 0.07083333333333333% - 00:00:00.17
[2026-02-21T16:07:16.816Z] [INFO] FFmpeg progress: 0.8958333333333334% - 00:00:02.15
[2026-02-21T16:07:17.397Z] [INFO] FFmpeg progress: 1.2708333333333333% - 00:00:03.05
[2026-02-21T16:07:17.912Z] [INFO] FFmpeg progress: 1.7416666666666667% - 00:00:04.18
[2026-02-21T16:07:18.439Z] [INFO] FFmpeg progress: 2.166666666666667% - 00:00:05.20
[2026-02-21T16:07:18.949Z] [INFO] FFmpeg progress: 2.5916666666666663% - 00:00:06.22
[2026-02-21T16:07:19.472Z] [INFO] FFmpeg progress: 3.170833333333333% - 00:00:07.61
[2026-02-21T16:07:19.986Z] [INFO] FFmpeg progress: 3.5708333333333333% - 00:00:08.57
[2026-02-21T16:07:20.511Z] [INFO] FFmpeg progress: 4.141666666666667% - 00:00:09.94
[2026-02-21T16:07:21.026Z] [INFO] FFmpeg progress: 4.441666666666666% - 00:00:10.66
[2026-02-21T16:07:21.545Z] [INFO] FFmpeg progress: 4.770833333333333% - 00:00:11.45
[2026-02-21T16:07:22.090Z] [INFO] FFmpeg progress: 5.216666666666667% - 00:00:12.52
[2026-02-21T16:07:22.649Z] [INFO] FFmpeg progress: 5.766666666666667% - 00:00:13.84
[2026-02-21T16:07:23.209Z] [INFO] FFmpeg progress: 6.370833333333333% - 00:00:15.29
[2026-02-21T16:07:23.651Z] [INFO] FFmpeg progress: 6.787499999999999% - 00:00:16.29
[2026-02-21T16:07:24.209Z] [INFO] FFmpeg progress: 7.366666666666667% - 00:00:17.68
[2026-02-21T16:07:24.761Z] [INFO] FFmpeg progress: 7.8916666666666675% - 00:00:18.94
[2026-02-21T16:07:25.322Z] [INFO] FFmpeg progress: 8.441666666666666% - 00:00:20.26
[2026-02-21T16:07:25.823Z] [INFO] FFmpeg progress: 8.9125% - 00:00:21.39
[2026-02-21T16:07:26.351Z] [INFO] FFmpeg progress: 9.366666666666665% - 00:00:22.48
[2026-02-21T16:07:26.852Z] [INFO] FFmpeg progress: 9.8625% - 00:00:23.67
[2026-02-21T16:07:27.370Z] [INFO] FFmpeg progress: 10.345833333333333% - 00:00:24.83
[2026-02-21T16:07:27.874Z] [INFO] FFmpeg progress: 10.895833333333332% - 00:00:26.15
[2026-02-21T16:07:28.390Z] [INFO] FFmpeg progress: 11.420833333333333% - 00:00:27.41
[2026-02-21T16:07:28.892Z] [INFO] FFmpeg progress: 11.945833333333335% - 00:00:28.67
[2026-02-21T16:07:29.407Z] [INFO] FFmpeg progress: 12.3875% - 00:00:29.73
[2026-02-21T16:07:29.936Z] [INFO] FFmpeg progress: 12.895833333333334% - 00:00:30.95
[2026-02-21T16:07:30.487Z] [INFO] FFmpeg progress: 13.4375% - 00:00:32.25
[2026-02-21T16:07:30.998Z] [INFO] FFmpeg progress: 13.970833333333335% - 00:00:33.53
[2026-02-21T16:07:31.694Z] [INFO] FFmpeg progress: 13.9875% - 00:00:33.57
[2026-02-21T16:07:31.806Z] [INFO] Conversion complete: C:\Users\oluegwuc\Videos\Recording_2026-02-21_17-07-15.mp4
[2026-02-21T16:07:31.809Z] [INFO] Recording converted and saved: C:\Users\oluegwuc\Videos\Recording_2026-02-21_17-07-15.mp4
[2026-02-21T16:14:29.468Z] [INFO] Application closing
[2026-02-21T16:15:18.897Z] [INFO] Logger initialized
[2026-02-21T16:15:18.903Z] [INFO] Application starting...
[2026-02-21T16:15:18.903Z] [INFO] Running in development mode
[2026-02-21T16:15:19.062Z] [INFO] System tray created
[2026-02-21T16:15:19.071Z] [INFO] Global shortcut registered: F9
[2026-02-21T16:15:20.125Z] [INFO] Main window ready
[2026-02-21T16:15:24.987Z] [INFO] Checking hardware encoders with: "C:\Users\oluegwuc\Desktop\projects\Electron js\ScreenCapturer\node_modules\ffmpeg-static\ffmpeg.exe"
[2026-02-21T16:15:25.170Z] [INFO] Hardware encoder availability - NVENC: true, QSV: true, AMF: true
[2026-02-21T16:15:34.302Z] [INFO] Global shortcut registered: F9
[2026-02-21T16:15:49.063Z] [INFO] Recording tray created
[2026-02-21T16:16:05.541Z] [INFO] Stop recording triggered via global shortcut
[2026-02-21T16:16:05.624Z] [INFO] System tray created
[2026-02-21T16:16:05.785Z] [INFO] Auto-saving to: C:\Users\oluegwuc\Videos\Recording_2026-02-21_17-16-05.mp4
[2026-02-21T16:16:05.799Z] [INFO] Recording saved to temp: C:\Users\oluegwuc\AppData\Local\Temp\temp_recording_1771690565786.webm, size: 10022983 bytes
[2026-02-21T16:16:06.107Z] [INFO] FFmpeg started: ffmpeg -i C:\Users\oluegwuc\AppData\Local\Temp\temp_recording_1771690565786.webm -y -c:v libx264 -crf 23 -preset medium -movflags +faststart -pix_fmt yuv420p -vsync cfr -force_key_frames expr:gte(t,n_forced*2) -r 24 -c:a aac -b:a 128k -f mp4 C:\Users\oluegwuc\Videos\Recording_2026-02-21_17-16-05.mp4
[2026-02-21T16:16:06.269Z] [INFO] FFmpeg progress: 0.07916666666666666% - 00:00:00.19
[2026-02-21T16:16:06.739Z] [INFO] FFmpeg progress: 0.8541666666666666% - 00:00:02.05
[2026-02-21T16:16:07.345Z] [INFO] FFmpeg progress: 1.2791666666666666% - 00:00:03.07
[2026-02-21T16:16:07.851Z] [INFO] FFmpeg progress: 1.6541666666666666% - 00:00:03.97
[2026-02-21T16:16:08.381Z] [INFO] FFmpeg progress: 2.125% - 00:00:05.10
[2026-02-21T16:16:08.883Z] [INFO] FFmpeg progress: 2.7291666666666665% - 00:00:06.55
[2026-02-21T16:16:09.415Z] [INFO] FFmpeg progress: 3.154166666666667% - 00:00:07.57
[2026-02-21T16:16:09.982Z] [INFO] FFmpeg progress: 3.5000000000000004% - 00:00:08.40
[2026-02-21T16:16:10.423Z] [INFO] FFmpeg progress: 3.9% - 00:00:09.36
[2026-02-21T16:16:10.951Z] [INFO] FFmpeg progress: 4.329166666666667% - 00:00:10.39
[2026-02-21T16:16:11.439Z] [INFO] FFmpeg progress: 4.65% - 00:00:11.16
[2026-02-21T16:16:11.942Z] [INFO] FFmpeg progress: 5.074999999999999% - 00:00:12.18
[2026-02-21T16:16:12.472Z] [INFO] FFmpeg progress: 5.475% - 00:00:13.14
[2026-02-21T16:16:12.981Z] [INFO] FFmpeg progress: 5.929166666666666% - 00:00:14.23
[2026-02-21T16:16:13.499Z] [INFO] FFmpeg progress: 6.275% - 00:00:15.06
[2026-02-21T16:16:14.015Z] [INFO] FFmpeg progress: 6.629166666666666% - 00:00:15.91
[2026-02-21T16:16:15.238Z] [INFO] FFmpeg progress: 6.879166666666666% - 00:00:16.51
[2026-02-21T16:16:15.342Z] [INFO] Conversion complete: C:\Users\oluegwuc\Videos\Recording_2026-02-21_17-16-05.mp4
[2026-02-21T16:16:15.347Z] [INFO] Recording converted and saved: C:\Users\oluegwuc\Videos\Recording_2026-02-21_17-16-05.mp4
[2026-02-21T16:18:35.529Z] [INFO] Checking hardware encoders with: "C:\Users\oluegwuc\Desktop\projects\Electron js\ScreenCapturer\node_modules\ffmpeg-static\ffmpeg.exe"
[2026-02-21T16:18:35.691Z] [INFO] Hardware encoder availability - NVENC: true, QSV: true, AMF: true
[2026-02-21T16:18:44.931Z] [INFO] Global shortcut registered: F9
[2026-02-21T16:18:46.313Z] [INFO] Checking hardware encoders with: "C:\Users\oluegwuc\Desktop\projects\Electron js\ScreenCapturer\node_modules\ffmpeg-static\ffmpeg.exe"
[2026-02-21T16:18:46.476Z] [INFO] Hardware encoder availability - NVENC: true, QSV: true, AMF: true
[2026-02-21T16:18:56.667Z] [INFO] Global shortcut registered: F9
[2026-02-21T16:18:58.434Z] [INFO] Checking hardware encoders with: "C:\Users\oluegwuc\Desktop\projects\Electron js\ScreenCapturer\node_modules\ffmpeg-static\ffmpeg.exe"
[2026-02-21T16:18:58.597Z] [INFO] Hardware encoder availability - NVENC: true, QSV: true, AMF: true
[2026-02-21T16:20:38.083Z] [INFO] Global shortcut registered: F9
[2026-02-21T16:20:39.952Z] [INFO] Checking hardware encoders with: "C:\Users\oluegwuc\Desktop\projects\Electron js\ScreenCapturer\node_modules\ffmpeg-static\ffmpeg.exe"
[2026-02-21T16:20:40.123Z] [INFO] Hardware encoder availability - NVENC: true, QSV: true, AMF: true
[2026-02-21T16:20:45.586Z] [INFO] Global shortcut registered: F9
[2026-02-21T16:20:46.640Z] [INFO] Checking hardware encoders with: "C:\Users\oluegwuc\Desktop\projects\Electron js\ScreenCapturer\node_modules\ffmpeg-static\ffmpeg.exe"
[2026-02-21T16:20:46.822Z] [INFO] Hardware encoder availability - NVENC: true, QSV: true, AMF: true
[2026-02-21T16:20:53.138Z] [INFO] Global shortcut registered: F9
[2026-02-21T16:20:56.144Z] [INFO] Checking hardware encoders with: "C:\Users\oluegwuc\Desktop\projects\Electron js\ScreenCapturer\node_modules\ffmpeg-static\ffmpeg.exe"
[2026-02-21T16:20:56.316Z] [INFO] Hardware encoder availability - NVENC: true, QSV: true, AMF: true
[2026-02-21T16:21:04.754Z] [INFO] Global shortcut registered: F9
[2026-02-21T16:22:24.359Z] [INFO] Checking hardware encoders with: "C:\Users\oluegwuc\Desktop\projects\Electron js\ScreenCapturer\node_modules\ffmpeg-static\ffmpeg.exe"
[2026-02-21T16:22:24.548Z] [INFO] Hardware encoder availability - NVENC: true, QSV: true, AMF: true
[2026-02-21T16:22:32.937Z] [INFO] Global shortcut registered: F9
[2026-02-21T16:22:33.718Z] [INFO] Checking hardware encoders with: "C:\Users\oluegwuc\Desktop\projects\Electron js\ScreenCapturer\node_modules\ffmpeg-static\ffmpeg.exe"
[2026-02-21T16:22:33.882Z] [INFO] Hardware encoder availability - NVENC: true, QSV: true, AMF: true
[2026-02-21T16:22:43.433Z] [INFO] Global shortcut registered: F9
[2026-02-21T16:22:44.591Z] [INFO] Checking hardware encoders with: "C:\Users\oluegwuc\Desktop\projects\Electron js\ScreenCapturer\node_modules\ffmpeg-static\ffmpeg.exe"
[2026-02-21T16:22:44.753Z] [INFO] Hardware encoder availability - NVENC: true, QSV: true, AMF: true
[2026-02-21T16:22:51.776Z] [INFO] Global shortcut registered: F9
[2026-02-21T16:22:53.062Z] [INFO] Checking hardware encoders with: "C:\Users\oluegwuc\Desktop\projects\Electron js\ScreenCapturer\node_modules\ffmpeg-static\ffmpeg.exe"
[2026-02-21T16:22:53.233Z] [INFO] Hardware encoder availability - NVENC: true, QSV: true, AMF: true
[2026-02-21T16:22:56.849Z] [INFO] Global shortcut registered: F9
[2026-02-21T16:22:57.910Z] [INFO] Checking hardware encoders with: "C:\Users\oluegwuc\Desktop\projects\Electron js\ScreenCapturer\node_modules\ffmpeg-static\ffmpeg.exe"
[2026-02-21T16:22:58.078Z] [INFO] Hardware encoder availability - NVENC: true, QSV: true, AMF: true
[2026-02-21T16:23:29.219Z] [INFO] Application closing
[2026-02-21T16:23:49.383Z] [INFO] Logger initialized
[2026-02-21T16:23:49.390Z] [INFO] Application starting...
[2026-02-21T16:23:49.390Z] [INFO] Running in development mode
[2026-02-21T16:23:49.550Z] [INFO] System tray created
[2026-02-21T16:23:49.554Z] [INFO] Global shortcut registered: F9
[2026-02-21T16:23:50.469Z] [INFO] Main window ready
[2026-02-21T16:23:54.655Z] [INFO] Checking hardware encoders with: "C:\Users\oluegwuc\Desktop\projects\Electron js\ScreenCapturer\node_modules\ffmpeg-static\ffmpeg.exe"
[2026-02-21T16:23:54.841Z] [INFO] Hardware encoder availability - NVENC: true, QSV: true, AMF: true
[2026-02-21T16:24:11.842Z] [INFO] Global shortcut registered: F9
[2026-02-21T16:24:13.942Z] [INFO] Checking hardware encoders with: "C:\Users\oluegwuc\Desktop\projects\Electron js\ScreenCapturer\node_modules\ffmpeg-static\ffmpeg.exe"
[2026-02-21T16:24:14.119Z] [INFO] Hardware encoder availability - NVENC: true, QSV: true, AMF: true
[2026-02-21T16:25:12.161Z] [INFO] Global shortcut registered: F9
[2026-02-21T16:25:48.367Z] [INFO] Checking hardware encoders with: "C:\Users\oluegwuc\Desktop\projects\Electron js\ScreenCapturer\node_modules\ffmpeg-static\ffmpeg.exe"
[2026-02-21T16:25:48.539Z] [INFO] Hardware encoder availability - NVENC: true, QSV: true, AMF: true
[2026-02-21T16:25:54.136Z] [INFO] Global shortcut registered: F9
[2026-02-21T16:25:56.958Z] [INFO] Checking hardware encoders with: "C:\Users\oluegwuc\Desktop\projects\Electron js\ScreenCapturer\node_modules\ffmpeg-static\ffmpeg.exe"
[2026-02-21T16:25:57.124Z] [INFO] Hardware encoder availability - NVENC: true, QSV: true, AMF: true
[2026-02-21T16:27:04.168Z] [INFO] Global shortcut registered: F9
[2026-02-21T16:27:15.231Z] [INFO] Checking hardware encoders with: "C:\Users\oluegwuc\Desktop\projects\Electron js\ScreenCapturer\node_modules\ffmpeg-static\ffmpeg.exe"
[2026-02-21T16:27:15.417Z] [INFO] Hardware encoder availability - NVENC: true, QSV: true, AMF: true
[2026-02-21T16:28:45.958Z] [INFO] Application closing
[2026-02-21T16:29:03.013Z] [INFO] Logger initialized
[2026-02-21T16:29:03.021Z] [INFO] Application starting...
[2026-02-21T16:29:03.022Z] [INFO] Running in development mode
[2026-02-21T16:29:03.190Z] [INFO] System tray created
[2026-02-21T16:29:03.199Z] [INFO] Global shortcut registered: F9
[2026-02-21T16:29:04.101Z] [INFO] Main window ready
[2026-02-21T16:29:11.334Z] [INFO] Checking hardware encoders with: "C:\Users\oluegwuc\Desktop\projects\Electron js\ScreenCapturer\node_modules\ffmpeg-static\ffmpeg.exe"
[2026-02-21T16:29:11.504Z] [INFO] Hardware encoder availability - NVENC: true, QSV: true, AMF: true
[2026-02-21T16:29:20.360Z] [INFO] Global shortcut registered: F9
[2026-02-21T16:30:21.285Z] [INFO] Checking hardware encoders with: "C:\Users\oluegwuc\Desktop\projects\Electron js\ScreenCapturer\node_modules\ffmpeg-static\ffmpeg.exe"
[2026-02-21T16:30:21.531Z] [INFO] Hardware encoder availability - NVENC: true, QSV: true, AMF: true
[2026-02-21T16:30:40.495Z] [INFO] Global shortcut registered: F9
[2026-02-21T16:30:41.349Z] [INFO] Checking hardware encoders with: "C:\Users\oluegwuc\Desktop\projects\Electron js\ScreenCapturer\node_modules\ffmpeg-static\ffmpeg.exe"
[2026-02-21T16:30:41.513Z] [INFO] Hardware encoder availability - NVENC: true, QSV: true, AMF: true
[2026-02-21T16:30:49.871Z] [INFO] Global shortcut registered: F9
[2026-02-21T16:30:56.979Z] [INFO] Recording tray created
[2026-02-21T16:31:33.555Z] [INFO] Stop recording triggered via global shortcut
[2026-02-21T16:31:33.624Z] [INFO] System tray created
[2026-02-21T16:31:33.773Z] [INFO] Auto-saving to: C:\Users\oluegwuc\Videos\Recording_1771691493773.mp4
[2026-02-21T16:31:33.791Z] [INFO] Recording saved to temp: C:\Users\oluegwuc\AppData\Local\Temp\temp_recording_1771691493775.webm, size: 9584934 bytes
[2026-02-21T16:31:33.793Z] [INFO] Using hardware encoder: h264_nvenc
[2026-02-21T16:31:34.092Z] [INFO] FFmpeg started: ffmpeg -i C:\Users\oluegwuc\AppData\Local\Temp\temp_recording_1771691493775.webm -y -c:v h264_nvenc -preset medium -rc vbr -cq 23 -movflags +faststart -pix_fmt yuv420p -r 24 -c:a aac -b:a 128k -f mp4 C:\Users\oluegwuc\Videos\Recording_1771691493773.mp4
[2026-02-21T16:31:34.326Z] [ERROR] Conversion error: ffmpeg exited with code 3221225477: 
[2026-02-21T16:31:34.326Z] [ERROR] Conversion failed: ffmpeg exited with code 3221225477: , saving as webm
[2026-02-21T16:34:26.517Z] [INFO] Application closing
[2026-02-21T16:34:38.292Z] [INFO] Logger initialized
[2026-02-21T16:34:38.298Z] [INFO] Application starting...
[2026-02-21T16:34:38.298Z] [INFO] Running in development mode
[2026-02-21T16:34:38.450Z] [INFO] System tray created
[2026-02-21T16:34:38.453Z] [INFO] Global shortcut registered: F9
[2026-02-21T16:34:39.345Z] [INFO] Main window ready
[2026-02-21T16:34:43.076Z] [INFO] Checking hardware encoders with: "C:\Users\oluegwuc\Desktop\projects\Electron js\ScreenCapturer\node_modules\ffmpeg-static\ffmpeg.exe"
[2026-02-21T16:34:43.241Z] [INFO] Hardware encoder availability - NVENC: true, QSV: true, AMF: true
[2026-02-21T16:34:51.126Z] [INFO] Global shortcut registered: F9
[2026-02-21T16:34:58.985Z] [INFO] Recording tray created
[2026-02-21T16:35:27.650Z] [INFO] Stop recording triggered via global shortcut
[2026-02-21T16:35:27.726Z] [INFO] System tray created
[2026-02-21T16:35:27.869Z] [INFO] Auto-saving to: C:\Users\oluegwuc\Videos\Recording_1771691727869.mp4
[2026-02-21T16:35:27.878Z] [INFO] Recording saved to temp: C:\Users\oluegwuc\AppData\Local\Temp\temp_recording_1771691727870.webm, size: 6077298 bytes
[2026-02-21T16:35:27.879Z] [INFO] Using hardware encoder: h264_nvenc
[2026-02-21T16:35:28.194Z] [INFO] FFmpeg started: ffmpeg -i C:\Users\oluegwuc\AppData\Local\Temp\temp_recording_1771691727870.webm -y -c:v h264_nvenc -preset fast -movflags +faststart -pix_fmt yuv420p -r 24 -c:a aac -b:a 128k -f mp4 C:\Users\oluegwuc\Videos\Recording_1771691727869.mp4
[2026-02-21T16:35:28.352Z] [ERROR] Conversion error: ffmpeg exited with code 3221225477: 
[2026-02-21T16:35:28.352Z] [ERROR] Conversion failed: ffmpeg exited with code 3221225477: , saving as webm
[2026-02-21T16:36:35.409Z] [INFO] Application closing
[2026-02-21T16:39:03.668Z] [INFO] Logger initialized
[2026-02-21T16:39:03.673Z] [INFO] Application starting...
[2026-02-21T16:39:03.673Z] [INFO] Running in development mode
[2026-02-21T16:39:03.825Z] [INFO] System tray created
[2026-02-21T16:39:03.833Z] [INFO] Global shortcut registered: F9
[2026-02-21T16:39:04.725Z] [INFO] Main window ready
[2026-02-21T16:39:10.861Z] [INFO] Checking hardware encoders with: "C:\Users\oluegwuc\Desktop\projects\Electron js\ScreenCapturer\node_modules\ffmpeg-static\ffmpeg.exe"
[2026-02-21T16:39:11.053Z] [INFO] Hardware encoder availability - NVENC: false, QSV: true, AMF: true
[2026-02-21T16:39:21.140Z] [INFO] Global shortcut registered: F9
[2026-02-21T16:39:28.890Z] [INFO] Recording tray created
[2026-02-21T16:39:44.982Z] [INFO] Stop recording triggered via global shortcut
[2026-02-21T16:39:45.087Z] [INFO] System tray created
[2026-02-21T16:39:45.225Z] [INFO] Auto-saving to: C:\Users\oluegwuc\Videos\Recording_1771691985225.mp4
[2026-02-21T16:39:45.237Z] [INFO] Recording saved to temp: C:\Users\oluegwuc\AppData\Local\Temp\temp_recording_1771691985227.webm, size: 7923509 bytes
[2026-02-21T16:39:45.239Z] [INFO] Using hardware encoder: h264_qsv
[2026-02-21T16:39:45.551Z] [INFO] FFmpeg started: ffmpeg -i C:\Users\oluegwuc\AppData\Local\Temp\temp_recording_1771691985227.webm -y -c:v h264_qsv -movflags +faststart -pix_fmt yuv420p -r 24 -c:a aac -b:a 128k -f mp4 C:\Users\oluegwuc\Videos\Recording_1771691985225.mp4
[2026-02-21T16:39:45.803Z] [ERROR] Conversion error: ffmpeg exited with code 1: Conversion failed!

[2026-02-21T16:39:45.804Z] [ERROR] Conversion failed: ffmpeg exited with code 1: Conversion failed!
, saving as webm
[2026-02-21T16:41:06.919Z] [INFO] Checking hardware encoders with: "C:\Users\oluegwuc\Desktop\projects\Electron js\ScreenCapturer\node_modules\ffmpeg-static\ffmpeg.exe"
[2026-02-21T16:41:07.086Z] [INFO] Hardware encoder availability - NVENC: false, QSV: true, AMF: true
[2026-02-21T16:41:11.602Z] [INFO] Global shortcut registered: F9
[2026-02-21T16:41:20.619Z] [INFO] Recording tray created
[2026-02-21T16:41:50.961Z] [INFO] System tray created
[2026-02-21T16:41:51.083Z] [INFO] Auto-saving to: C:\Users\oluegwuc\Videos\Recording_1771692111083.mp4
[2026-02-21T16:41:51.095Z] [INFO] Recording saved to temp: C:\Users\oluegwuc\AppData\Local\Temp\temp_recording_1771692111084.webm, size: 8895682 bytes
[2026-02-21T16:41:51.096Z] [INFO] Using hardware encoder: h264_amf
[2026-02-21T16:41:51.132Z] [INFO] FFmpeg started: ffmpeg -i C:\Users\oluegwuc\AppData\Local\Temp\temp_recording_1771692111084.webm -y -c:v h264_amf -movflags +faststart -pix_fmt yuv420p -r 24 -c:a aac -b:a 128k -f mp4 C:\Users\oluegwuc\Videos\Recording_1771692111083.mp4
[2026-02-21T16:41:51.311Z] [ERROR] Conversion error: ffmpeg exited with code 1: Conversion failed!

[2026-02-21T16:41:51.315Z] [ERROR] Conversion failed: ffmpeg exited with code 1: Conversion failed!
, saving as webm
[2026-02-21T16:42:12.816Z] [INFO] Application closing
[2026-02-21T16:42:26.102Z] [INFO] Logger initialized
[2026-02-21T16:42:26.109Z] [INFO] Application starting...
[2026-02-21T16:42:26.111Z] [INFO] Running in development mode
[2026-02-21T16:42:26.279Z] [INFO] System tray created
[2026-02-21T16:42:26.283Z] [INFO] Global shortcut registered: F9
[2026-02-21T16:42:27.174Z] [INFO] Main window ready
[2026-02-21T16:42:33.479Z] [INFO] Hardware encoder availability - NVENC: false, QSV: false, AMF: false (bundled ffmpeg-static has limited HW support)
[2026-02-21T16:42:49.698Z] [INFO] Global shortcut registered: F9
[2026-02-21T16:42:56.590Z] [INFO] Recording tray created
[2026-02-21T16:43:06.100Z] [INFO] System tray created
[2026-02-21T16:43:06.188Z] [INFO] Auto-saving to: C:\Users\oluegwuc\Videos\Recording_1771692186188.mp4
[2026-02-21T16:43:06.200Z] [INFO] Recording saved to temp: C:\Users\oluegwuc\AppData\Local\Temp\temp_recording_1771692186192.webm, size: 6720210 bytes
[2026-02-21T16:43:06.496Z] [INFO] FFmpeg started: ffmpeg -i C:\Users\oluegwuc\AppData\Local\Temp\temp_recording_1771692186192.webm -y -c:v libx264 -crf 23 -preset medium -movflags +faststart -pix_fmt yuv420p -vsync cfr -force_key_frames expr:gte(t,n_forced*2) -r 24 -c:a aac -b:a 128k -f mp4 C:\Users\oluegwuc\Videos\Recording_1771692186188.mp4
[2026-02-21T16:43:06.659Z] [INFO] FFmpeg progress: 0.07083333333333333% - 00:00:00.17
[2026-02-21T16:43:07.135Z] [INFO] FFmpeg progress: 0.8458333333333333% - 00:00:02.03
[2026-02-21T16:43:07.670Z] [INFO] FFmpeg progress: 1.2166666666666666% - 00:00:02.92
[2026-02-21T16:43:08.163Z] [INFO] FFmpeg progress: 1.575% - 00:00:03.78
[2026-02-21T16:43:08.663Z] [INFO] FFmpeg progress: 1.975% - 00:00:04.74
[2026-02-21T16:43:09.208Z] [INFO] FFmpeg progress: 2.470833333333333% - 00:00:05.93
[2026-02-21T16:43:09.707Z] [INFO] FFmpeg progress: 2.970833333333333% - 00:00:07.13
[2026-02-21T16:43:10.219Z] [INFO] FFmpeg progress: 3.245833333333333% - 00:00:07.79
[2026-02-21T16:43:10.734Z] [INFO] FFmpeg progress: 3.5458333333333334% - 00:00:08.51
[2026-02-21T16:43:11.326Z] [INFO] FFmpeg progress: 3.820833333333333% - 00:00:09.17
[2026-02-21T16:43:12.486Z] [INFO] FFmpeg progress: 3.9458333333333337% - 00:00:09.47
[2026-02-21T16:43:12.591Z] [INFO] Conversion complete: C:\Users\oluegwuc\Videos\Recording_1771692186188.mp4
[2026-02-21T16:43:12.594Z] [INFO] Recording converted and saved: C:\Users\oluegwuc\Videos\Recording_1771692186188.mp4
[2026-02-21T16:44:51.606Z] [INFO] Hardware encoder availability - NVENC: false, QSV: false, AMF: false (bundled ffmpeg-static has limited HW support)
[2026-02-21T16:45:04.721Z] [INFO] Global shortcut registered: F9
[2026-02-21T16:45:12.195Z] [INFO] Recording tray created
[2026-02-21T16:45:26.017Z] [INFO] System tray created
[2026-02-21T16:45:26.166Z] [INFO] Auto-saving to: C:\Users\oluegwuc\Videos\Recording_1771692326165.mp4
[2026-02-21T16:45:26.175Z] [INFO] Recording saved to temp: C:\Users\oluegwuc\AppData\Local\Temp\temp_recording_1771692326166.webm, size: 9271704 bytes
[2026-02-21T16:45:26.219Z] [INFO] FFmpeg started: ffmpeg -i C:\Users\oluegwuc\AppData\Local\Temp\temp_recording_1771692326166.webm -y -c:v libx264 -crf 15 -preset slow -movflags +faststart -pix_fmt yuv420p -vsync cfr -force_key_frames expr:gte(t,n_forced*2) -r 24 -c:a aac -b:a 192k -f mp4 C:\Users\oluegwuc\Videos\Recording_1771692326165.mp4
[2026-02-21T16:45:26.573Z] [INFO] FFmpeg progress: 0.10416666666666667% - 00:00:00.25
[2026-02-21T16:45:26.965Z] [INFO] FFmpeg progress: 0.7250000000000001% - 00:00:01.74
[2026-02-21T16:45:27.522Z] [INFO] FFmpeg progress: 1% - 00:00:02.40
[2026-02-21T16:45:28.222Z] [INFO] FFmpeg progress: 1.0750000000000002% - 00:00:02.58
[2026-02-21T16:45:28.714Z] [INFO] FFmpeg progress: 1.2791666666666666% - 00:00:03.07
[2026-02-21T16:45:29.265Z] [INFO] FFmpeg progress: 1.35% - 00:00:03.24
[2026-02-21T16:45:29.916Z] [INFO] FFmpeg progress: 1.475% - 00:00:03.54
[2026-02-21T16:45:30.635Z] [INFO] FFmpeg progress: 1.6791666666666667% - 00:00:04.03
[2026-02-21T16:45:31.189Z] [INFO] FFmpeg progress: 1.8000000000000003% - 00:00:04.32
[2026-02-21T16:45:31.925Z] [INFO] FFmpeg progress: 1.925% - 00:00:04.62
[2026-02-21T16:45:32.500Z] [INFO] FFmpeg progress: 2.2291666666666665% - 00:00:05.35
[2026-02-21T16:45:33.020Z] [INFO] FFmpeg progress: 2.3958333333333335% - 00:00:05.75
[2026-02-21T16:45:33.555Z] [INFO] FFmpeg progress: 2.645833333333333% - 00:00:06.35
[2026-02-21T16:45:34.374Z] [INFO] FFmpeg progress: 2.754166666666667% - 00:00:06.61
[2026-02-21T16:45:34.917Z] [INFO] FFmpeg progress: 3.0000000000000004% - 00:00:07.20
[2026-02-21T16:45:35.445Z] [INFO] FFmpeg progress: 3.1958333333333333% - 00:00:07.67
[2026-02-21T16:45:35.929Z] [INFO] FFmpeg progress: 3.5000000000000004% - 00:00:08.40
[2026-02-21T16:45:36.918Z] [INFO] FFmpeg progress: 3.7041666666666666% - 00:00:08.89
[2026-02-21T16:45:37.430Z] [INFO] FFmpeg progress: 4.025% - 00:00:09.66
[2026-02-21T16:45:37.965Z] [INFO] FFmpeg progress: 4.2749999999999995% - 00:00:10.26
[2026-02-21T16:45:38.735Z] [INFO] FFmpeg progress: 4.479166666666667% - 00:00:10.75
[2026-02-21T16:45:39.431Z] [INFO] FFmpeg progress: 4.6% - 00:00:11.04
[2026-02-21T16:45:40.056Z] [INFO] FFmpeg progress: 4.795833333333333% - 00:00:11.51
[2026-02-21T16:45:40.582Z] [INFO] FFmpeg progress: 5.179166666666666% - 00:00:12.43
[2026-02-21T16:45:41.387Z] [INFO] FFmpeg progress: 5.304166666666667% - 00:00:12.73
[2026-02-21T16:45:41.999Z] [INFO] FFmpeg progress: 5.704166666666667% - 00:00:13.69
[2026-02-21T16:45:43.931Z] [INFO] FFmpeg progress: 5.75% - 00:00:13.80
[2026-02-21T16:45:44.099Z] [INFO] Conversion complete: C:\Users\oluegwuc\Videos\Recording_1771692326165.mp4
[2026-02-21T16:45:44.106Z] [INFO] Recording converted and saved: C:\Users\oluegwuc\Videos\Recording_1771692326165.mp4
[2026-02-21T16:46:54.718Z] [INFO] Application closing
[2026-02-21T16:47:04.496Z] [INFO] Logger initialized
[2026-02-21T16:47:04.504Z] [INFO] Application starting...
[2026-02-21T16:47:04.504Z] [INFO] Running in development mode
[2026-02-21T16:47:04.649Z] [INFO] System tray created
[2026-02-21T16:47:04.656Z] [INFO] Global shortcut registered: F9
[2026-02-21T16:47:05.550Z] [INFO] Main window ready
[2026-02-21T16:47:10.606Z] [INFO] Hardware encoder availability - NVENC: true, QSV: true, AMF: true
[2026-02-21T16:47:21.361Z] [INFO] Global shortcut registered: F9
[2026-02-21T16:47:32.067Z] [INFO] Recording tray created
[2026-02-21T16:47:35.248Z] [INFO] Stop recording triggered via global shortcut
[2026-02-21T16:47:35.329Z] [INFO] System tray created
[2026-02-21T16:47:35.371Z] [INFO] Auto-saving to: C:\Users\oluegwuc\Videos\Recording_1771692455371.mp4
[2026-02-21T16:47:35.383Z] [INFO] Recording saved to temp: C:\Users\oluegwuc\AppData\Local\Temp\temp_recording_1771692455380.webm, size: 1689400 bytes
[2026-02-21T16:47:35.385Z] [INFO] Using hardware encoder: h264_nvenc
[2026-02-21T16:47:36.558Z] [WARN] System FFmpeg not found
[2026-02-21T16:47:36.558Z] [INFO] FFmpeg command: ffmpeg -i C:\Users\oluegwuc\AppData\Local\Temp\temp_recording_1771692455380.webm -y -c:v h264_nvenc -preset fast -movflags +faststart -pix_fmt yuv420p -r 24 -c:a aac -b:a 192k C:\Users\oluegwuc\Videos\Recording_1771692455371.mp4
[2026-02-21T16:47:36.568Z] [ERROR] Conversion error: spawn ffmpeg ENOENT
[2026-02-21T16:47:36.578Z] [ERROR] Conversion failed: spawn ffmpeg ENOENT, saving as webm
[2026-02-21T16:47:36.694Z] [ERROR] Conversion error: ffmpeg exited with code -4058
[2026-02-21T16:58:23.429Z] [INFO] Application closing
[2026-02-21T17:02:15.353Z] [INFO] Logger initialized
[2026-02-21T17:02:15.360Z] [INFO] Application starting...
[2026-02-21T17:02:15.360Z] [INFO] Running in development mode
[2026-02-21T17:02:15.636Z] [INFO] System tray created
[2026-02-21T17:02:15.643Z] [INFO] Global shortcut registered: F9
[2026-02-21T17:02:16.720Z] [INFO] Main window ready
[2026-02-21T17:02:37.060Z] [WARN] System FFmpeg not found: Command failed: where ffmpeg
INFO: Could not find files for the given pattern(s).

[2026-02-21T17:02:37.062Z] [INFO] No system FFmpeg found. Hardware acceleration requires system FFmpeg to be installed.
[2026-02-21T17:03:00.356Z] [INFO] Global shortcut registered: F9
[2026-02-21T17:03:07.728Z] [INFO] Recording tray created
[2026-02-21T17:03:14.880Z] [INFO] Stop recording triggered via global shortcut
[2026-02-21T17:03:14.954Z] [INFO] System tray created
[2026-02-21T17:03:15.029Z] [INFO] Auto-saving to: C:\Users\oluegwuc\Videos\Recording_1771693395029.mp4
[2026-02-21T17:03:15.037Z] [INFO] Recording saved to temp: C:\Users\oluegwuc\AppData\Local\Temp\temp_recording_1771693395032.webm, size: 3334458 bytes
[2026-02-21T17:03:15.356Z] [WARN] System FFmpeg not found: Command failed: where ffmpeg
INFO: Could not find files for the given pattern(s).

[2026-02-21T17:03:15.356Z] [WARN] Hardware acceleration requires system FFmpeg to be installed. Using software encoding.
[2026-02-21T17:03:15.726Z] [INFO] FFmpeg started: ffmpeg -i C:\Users\oluegwuc\AppData\Local\Temp\temp_recording_1771693395032.webm -y -c:v libx264 -crf 15 -preset slow -movflags +faststart -pix_fmt yuv420p -r 24 -c:a aac -b:a 192k -f mp4 C:\Users\oluegwuc\Videos\Recording_1771693395029.mp4
[2026-02-21T17:03:15.810Z] [ERROR] Conversion error: ffmpeg exited with code 1: Unrecognized option 'preset slow'.
Error splitting the argument list: Option not found

[2026-02-21T17:03:15.812Z] [ERROR] Conversion failed: ffmpeg exited with code 1: Unrecognized option 'preset slow'.
Error splitting the argument list: Option not found
, saving as webm
[2026-02-21T17:03:24.202Z] [INFO] Application closing
[2026-02-21T17:04:37.209Z] [INFO] Logger initialized
[2026-02-21T17:04:37.216Z] [INFO] Application starting...
[2026-02-21T17:04:37.218Z] [INFO] Running in development mode
[2026-02-21T17:04:37.377Z] [INFO] System tray created
[2026-02-21T17:04:37.380Z] [INFO] Global shortcut registered: F9
[2026-02-21T17:04:38.308Z] [INFO] Main window ready
[2026-02-21T17:04:44.903Z] [WARN] System FFmpeg not found: Command failed: where ffmpeg
INFO: Could not find files for the given pattern(s).

[2026-02-21T17:04:44.904Z] [INFO] No system FFmpeg found. Hardware acceleration requires system FFmpeg to be installed.
[2026-02-21T17:04:59.618Z] [INFO] Global shortcut registered: F9
[2026-02-21T17:05:18.724Z] [INFO] Recording tray created
[2026-02-21T17:05:24.966Z] [INFO] Stop recording triggered via global shortcut
[2026-02-21T17:05:25.062Z] [INFO] System tray created
[2026-02-21T17:05:25.176Z] [INFO] Auto-saving to: C:\Users\oluegwuc\Videos\Recording_1771693525176.mp4
[2026-02-21T17:05:25.183Z] [INFO] Recording saved to temp: C:\Users\oluegwuc\AppData\Local\Temp\temp_recording_1771693525177.webm, size: 2988414 bytes
[2026-02-21T17:05:25.483Z] [WARN] System FFmpeg not found: Command failed: where ffmpeg
INFO: Could not find files for the given pattern(s).

[2026-02-21T17:05:25.484Z] [INFO] HW Accel check: hwAccel=nvenc, encoders={"nvenc":false,"qsv":false,"amf":false}, systemFfmpeg=null
[2026-02-21T17:05:25.484Z] [WARN] Hardware acceleration not available. encoders={"nvenc":false,"qsv":false,"amf":false}, systemFfmpeg=null. Using software encoding.
[2026-02-21T17:05:25.798Z] [INFO] FFmpeg started: ffmpeg -i C:\Users\oluegwuc\AppData\Local\Temp\temp_recording_1771693525177.webm -y -c:v libx264 -crf 15 -preset slow -movflags +faststart -pix_fmt yuv420p -r 24 -c:a aac -b:a 192k -f mp4 C:\Users\oluegwuc\Videos\Recording_1771693525176.mp4
[2026-02-21T17:05:25.881Z] [ERROR] Conversion error: ffmpeg exited with code 1: Unrecognized option 'preset slow'.
Error splitting the argument list: Option not found

[2026-02-21T17:05:25.883Z] [ERROR] Conversion failed: ffmpeg exited with code 1: Unrecognized option 'preset slow'.
Error splitting the argument list: Option not found
, saving as webm
[2026-02-21T17:06:08.142Z] [WARN] System FFmpeg not found: Command failed: where ffmpeg
INFO: Could not find files for the given pattern(s).

[2026-02-21T17:06:08.143Z] [INFO] No system FFmpeg found. Hardware acceleration requires system FFmpeg to be installed.
[2026-02-21T17:06:13.250Z] [INFO] Global shortcut registered: F9
[2026-02-21T17:06:21.596Z] [INFO] Recording tray created
[2026-02-21T17:06:36.137Z] [INFO] Stop recording triggered via global shortcut
[2026-02-21T17:06:36.205Z] [INFO] System tray created
[2026-02-21T17:06:36.335Z] [INFO] Auto-saving to: C:\Users\oluegwuc\Videos\Recording_1771693596335.mp4
[2026-02-21T17:06:36.342Z] [INFO] Recording saved to temp: C:\Users\oluegwuc\AppData\Local\Temp\temp_recording_1771693596336.webm, size: 5542505 bytes
[2026-02-21T17:06:36.385Z] [INFO] FFmpeg started: ffmpeg -i C:\Users\oluegwuc\AppData\Local\Temp\temp_recording_1771693596336.webm -y -c:v libx264 -crf 15 -preset slow -movflags +faststart -pix_fmt yuv420p -r 24 -c:a aac -b:a 192k -f mp4 C:\Users\oluegwuc\Videos\Recording_1771693596335.mp4
[2026-02-21T17:06:36.502Z] [ERROR] Conversion error: ffmpeg exited with code 1: Unrecognized option 'preset slow'.
Error splitting the argument list: Option not found

[2026-02-21T17:06:36.507Z] [ERROR] Conversion failed: ffmpeg exited with code 1: Unrecognized option 'preset slow'.
Error splitting the argument list: Option not found
, saving as webm
[2026-02-21T17:06:55.658Z] [WARN] System FFmpeg not found: Command failed: where ffmpeg
INFO: Could not find files for the given pattern(s).

[2026-02-21T17:06:55.658Z] [INFO] No system FFmpeg found. Hardware acceleration requires system FFmpeg to be installed.
[2026-02-21T17:07:07.314Z] [INFO] Global shortcut registered: F9
[2026-02-21T17:07:14.438Z] [INFO] Recording tray created
[2026-02-21T17:07:27.748Z] [INFO] Stop recording triggered via global shortcut
[2026-02-21T17:07:27.830Z] [INFO] System tray created
[2026-02-21T17:07:27.943Z] [INFO] Auto-saving to: C:\Users\oluegwuc\Videos\Recording_1771693647943.mp4
[2026-02-21T17:07:27.958Z] [INFO] Recording saved to temp: C:\Users\oluegwuc\AppData\Local\Temp\temp_recording_1771693647943.webm, size: 8801539 bytes
[2026-02-21T17:07:28.224Z] [WARN] System FFmpeg not found: Command failed: where ffmpeg
INFO: Could not find files for the given pattern(s).

[2026-02-21T17:07:28.224Z] [INFO] HW Accel check: hwAccel=nvenc, encoders={"nvenc":false,"qsv":false,"amf":false}, systemFfmpeg=null
[2026-02-21T17:07:28.224Z] [WARN] Hardware acceleration not available. encoders={"nvenc":false,"qsv":false,"amf":false}, systemFfmpeg=null. Using software encoding.
[2026-02-21T17:07:28.267Z] [INFO] FFmpeg started: ffmpeg -i C:\Users\oluegwuc\AppData\Local\Temp\temp_recording_1771693647943.webm -y -c:v libx264 -crf 23 -preset medium -movflags +faststart -pix_fmt yuv420p -r 24 -c:a aac -b:a 128k -f mp4 C:\Users\oluegwuc\Videos\Recording_1771693647943.mp4
[2026-02-21T17:07:28.354Z] [ERROR] Conversion error: ffmpeg exited with code 1: Unrecognized option 'preset medium'.
Error splitting the argument list: Option not found

[2026-02-21T17:07:28.355Z] [ERROR] Conversion failed: ffmpeg exited with code 1: Unrecognized option 'preset medium'.
Error splitting the argument list: Option not found
, saving as webm
[2026-02-21T17:07:34.539Z] [INFO] Application closing
[2026-02-21T17:07:41.918Z] [INFO] Logger initialized
[2026-02-21T17:07:41.926Z] [INFO] Application starting...
[2026-02-21T17:07:41.926Z] [INFO] Running in development mode
[2026-02-21T17:07:42.079Z] [INFO] System tray created
[2026-02-21T17:07:42.085Z] [INFO] Global shortcut registered: F9
[2026-02-21T17:07:42.980Z] [INFO] Main window ready
[2026-02-21T17:07:51.333Z] [WARN] System FFmpeg not found: Command failed: cmd /c "where ffmpeg"
INFO: Could not find files for the given pattern(s).

[2026-02-21T17:07:51.334Z] [INFO] No system FFmpeg found. Hardware acceleration requires system FFmpeg to be installed.
[2026-02-21T17:08:10.914Z] [INFO] Global shortcut registered: F9
[2026-02-21T17:08:13.979Z] [WARN] System FFmpeg not found: Command failed: cmd /c "where ffmpeg"
INFO: Could not find files for the given pattern(s).

[2026-02-21T17:08:13.979Z] [INFO] No system FFmpeg found. Hardware acceleration requires system FFmpeg to be installed.
[2026-02-21T17:08:35.025Z] [INFO] Global shortcut registered: F9
[2026-02-21T17:08:53.830Z] [INFO] Recording tray created
[2026-02-21T17:08:57.986Z] [INFO] Stop recording triggered via global shortcut
[2026-02-21T17:08:58.061Z] [INFO] System tray created
[2026-02-21T17:08:58.120Z] [INFO] Auto-saving to: C:\Users\oluegwuc\Videos\Recording_1771693738120.mp4
[2026-02-21T17:08:58.127Z] [INFO] Recording saved to temp: C:\Users\oluegwuc\AppData\Local\Temp\temp_recording_1771693738123.webm, size: 2264153 bytes
[2026-02-21T17:08:58.470Z] [WARN] System FFmpeg not found: Command failed: cmd /c "where ffmpeg"
INFO: Could not find files for the given pattern(s).

[2026-02-21T17:08:58.471Z] [INFO] HW Accel check: hwAccel=nvenc, encoders={"nvenc":false,"qsv":false,"amf":false}, systemFfmpeg=null
[2026-02-21T17:08:58.471Z] [WARN] Hardware acceleration not available. encoders={"nvenc":false,"qsv":false,"amf":false}, systemFfmpeg=null. Using software encoding.
[2026-02-21T17:08:58.810Z] [INFO] FFmpeg started: ffmpeg -i C:\Users\oluegwuc\AppData\Local\Temp\temp_recording_1771693738123.webm -y -c:v libx264 -crf 23 -preset medium -movflags +faststart -pix_fmt yuv420p -r 24 -c:a aac -b:a 128k -f mp4 C:\Users\oluegwuc\Videos\Recording_1771693738120.mp4
[2026-02-21T17:08:58.897Z] [ERROR] Conversion error: ffmpeg exited with code 1: Unrecognized option 'movflags +faststart'.
Error splitting the argument list: Option not found

[2026-02-21T17:08:58.898Z] [ERROR] Conversion failed: ffmpeg exited with code 1: Unrecognized option 'movflags +faststart'.
Error splitting the argument list: Option not found
, saving as webm
[2026-02-21T17:10:04.344Z] [INFO] Logger initialized
[2026-02-21T17:10:04.350Z] [INFO] Application starting...
[2026-02-21T17:10:04.352Z] [INFO] Running in development mode
[2026-02-21T17:10:04.510Z] [INFO] System tray created
[2026-02-21T17:10:04.524Z] [INFO] Global shortcut registered: F9
[2026-02-21T17:10:05.333Z] [INFO] Main window ready
[2026-02-21T17:10:12.898Z] [WARN] System FFmpeg not found: Command failed: cmd /c "where ffmpeg"
INFO: Could not find files for the given pattern(s).

[2026-02-21T17:10:12.898Z] [INFO] No system FFmpeg found. Hardware acceleration requires system FFmpeg to be installed.
[2026-02-21T17:10:27.146Z] [INFO] Global shortcut registered: F9
[2026-02-21T17:10:34.967Z] [WARN] System FFmpeg not found: Command failed: cmd /c "where ffmpeg"
INFO: Could not find files for the given pattern(s).

[2026-02-21T17:10:34.967Z] [INFO] No system FFmpeg found. Hardware acceleration requires system FFmpeg to be installed.
[2026-02-21T17:10:42.656Z] [INFO] Global shortcut registered: F9
[2026-02-21T17:10:56.498Z] [INFO] Recording tray created
[2026-02-21T17:11:01.957Z] [INFO] Stop recording triggered via global shortcut
[2026-02-21T17:11:02.048Z] [INFO] System tray created
[2026-02-21T17:11:02.124Z] [INFO] Auto-saving to: C:\Users\oluegwuc\Videos\Recording_1771693862124.mp4
[2026-02-21T17:11:02.130Z] [INFO] Recording saved to temp: C:\Users\oluegwuc\AppData\Local\Temp\temp_recording_1771693862125.webm, size: 3336678 bytes
[2026-02-21T17:11:02.502Z] [WARN] System FFmpeg not found: Command failed: cmd /c "where ffmpeg"
INFO: Could not find files for the given pattern(s).

[2026-02-21T17:11:02.502Z] [INFO] HW Accel check: hwAccel=nvenc, encoders={"nvenc":false,"qsv":false,"amf":false}, systemFfmpeg=null
[2026-02-21T17:11:02.505Z] [WARN] Hardware acceleration not available. encoders={"nvenc":false,"qsv":false,"amf":false}, systemFfmpeg=null. Using software encoding.
[2026-02-21T17:11:02.841Z] [INFO] FFmpeg started: ffmpeg -i C:\Users\oluegwuc\AppData\Local\Temp\temp_recording_1771693862125.webm -y -c:v libx264 -crf 23 -preset medium -movflags +faststart -pix_fmt yuv420p -r 24 -c:a aac -b:a 128k -f mp4 C:\Users\oluegwuc\Videos\Recording_1771693862124.mp4
[2026-02-21T17:11:02.921Z] [ERROR] Conversion error: ffmpeg exited with code 1: Unrecognized option 'movflags +faststart'.
Error splitting the argument list: Option not found

[2026-02-21T17:11:02.921Z] [ERROR] Conversion failed: ffmpeg exited with code 1: Unrecognized option 'movflags +faststart'.
Error splitting the argument list: Option not found
, saving as webm
[2026-02-21T17:12:41.647Z] [INFO] Application closing
[2026-02-21T17:12:57.676Z] [INFO] Logger initialized
[2026-02-21T17:12:57.686Z] [INFO] Application starting...
[2026-02-21T17:12:57.700Z] [INFO] Running in development mode
[2026-02-21T17:12:57.875Z] [INFO] System tray created
[2026-02-21T17:12:57.890Z] [INFO] Global shortcut registered: F9
[2026-02-21T17:12:58.719Z] [INFO] Main window ready
[2026-02-21T17:13:04.342Z] [WARN] System FFmpeg not found: Command failed: cmd /c "where ffmpeg"
INFO: Could not find files for the given pattern(s).

[2026-02-21T17:13:04.342Z] [INFO] No system FFmpeg found. Hardware acceleration requires system FFmpeg to be installed.
[2026-02-21T17:13:08.551Z] [INFO] Global shortcut registered: F9
[2026-02-21T17:13:16.146Z] [INFO] Recording tray created
[2026-02-21T17:13:25.924Z] [INFO] Stop recording triggered via global shortcut
[2026-02-21T17:13:26.000Z] [INFO] System tray created
[2026-02-21T17:13:26.091Z] [INFO] Auto-saving to: C:\Users\oluegwuc\Videos\Recording_1771694006091.mp4
[2026-02-21T17:13:26.103Z] [INFO] Recording saved to temp: C:\Users\oluegwuc\AppData\Local\Temp\temp_recording_1771694006094.webm, size: 4771367 bytes
[2026-02-21T17:13:26.473Z] [WARN] System FFmpeg not found: Command failed: cmd /c "where ffmpeg"
INFO: Could not find files for the given pattern(s).

[2026-02-21T17:13:26.473Z] [INFO] HW Accel check: hwAccel=nvenc, encoders={"nvenc":false,"qsv":false,"amf":false}, systemFfmpeg=null
[2026-02-21T17:13:26.473Z] [WARN] Hardware acceleration not available. encoders={"nvenc":false,"qsv":false,"amf":false}, systemFfmpeg=null. Using software encoding.
[2026-02-21T17:13:26.807Z] [INFO] FFmpeg started: ffmpeg -i C:\Users\oluegwuc\AppData\Local\Temp\temp_recording_1771694006094.webm -y -c:v libx264 -crf 23 -preset medium -movflags +faststart -pix_fmt yuv420p -r 24 -c:a aac -b:a 128k -f mp4 C:\Users\oluegwuc\Videos\Recording_1771694006091.mp4
[2026-02-21T17:13:32.475Z] [INFO] Conversion complete: C:\Users\oluegwuc\Videos\Recording_1771694006091.mp4
[2026-02-21T17:13:32.479Z] [INFO] Recording converted and saved: C:\Users\oluegwuc\Videos\Recording_1771694006091.mp4
[2026-02-21T17:13:52.984Z] [WARN] System FFmpeg not found: Command failed: cmd /c "where ffmpeg"
INFO: Could not find files for the given pattern(s).

[2026-02-21T17:13:52.986Z] [INFO] No system FFmpeg found. Hardware acceleration requires system FFmpeg to be installed.
[2026-02-21T17:14:02.368Z] [INFO] Global shortcut registered: F9
[2026-02-21T17:14:09.993Z] [INFO] Recording tray created
[2026-02-21T17:15:12.691Z] [INFO] Stop recording triggered via global shortcut
[2026-02-21T17:15:12.779Z] [INFO] System tray created
[2026-02-21T17:15:12.988Z] [INFO] Auto-saving to: C:\Users\oluegwuc\Videos\Recording_1771694112988.mp4
[2026-02-21T17:15:13.000Z] [INFO] Recording saved to temp: C:\Users\oluegwuc\AppData\Local\Temp\temp_recording_1771694112988.webm, size: 12162126 bytes
[2026-02-21T17:15:13.310Z] [WARN] System FFmpeg not found: Command failed: cmd /c "where ffmpeg"
INFO: Could not find files for the given pattern(s).

[2026-02-21T17:15:13.310Z] [INFO] HW Accel check: hwAccel=nvenc, encoders={"nvenc":false,"qsv":false,"amf":false}, systemFfmpeg=null
[2026-02-21T17:15:13.310Z] [WARN] Hardware acceleration not available. encoders={"nvenc":false,"qsv":false,"amf":false}, systemFfmpeg=null. Using software encoding.
[2026-02-21T17:15:13.354Z] [INFO] FFmpeg started: ffmpeg -i C:\Users\oluegwuc\AppData\Local\Temp\temp_recording_1771694112988.webm -y -c:v libx264 -crf 23 -preset medium -movflags +faststart -pix_fmt yuv420p -r 24 -c:a aac -b:a 128k -f mp4 C:\Users\oluegwuc\Videos\Recording_1771694112988.mp4
[2026-02-21T17:15:40.038Z] [INFO] Conversion complete: C:\Users\oluegwuc\Videos\Recording_1771694112988.mp4
[2026-02-21T17:15:40.042Z] [INFO] Recording converted and saved: C:\Users\oluegwuc\Videos\Recording_1771694112988.mp4
[2026-02-21T17:16:03.493Z] [INFO] Logger initialized
[2026-02-21T17:16:03.498Z] [INFO] Application starting...
[2026-02-21T17:16:03.498Z] [INFO] Running in development mode
[2026-02-21T17:16:03.662Z] [INFO] System tray created
[2026-02-21T17:16:03.666Z] [INFO] Global shortcut registered: F9
[2026-02-21T17:16:04.624Z] [INFO] Main window ready
[2026-02-21T17:16:13.502Z] [WARN] System FFmpeg not found: Command failed: cmd /c "where ffmpeg"
INFO: Could not find files for the given pattern(s).

[2026-02-21T17:16:13.502Z] [INFO] No system FFmpeg found. Hardware acceleration requires system FFmpeg to be installed.
[2026-02-21T17:16:21.301Z] [INFO] Global shortcut registered: F9
[2026-02-21T17:16:33.468Z] [INFO] Recording tray created
[2026-02-21T17:16:58.131Z] [INFO] Stop recording triggered via global shortcut
[2026-02-21T17:16:58.251Z] [INFO] System tray created
[2026-02-21T17:16:58.380Z] [INFO] Auto-saving to: C:\Users\oluegwuc\Videos\Recording_1771694218380.mp4
[2026-02-21T17:16:58.393Z] [INFO] Recording saved to temp: C:\Users\oluegwuc\AppData\Local\Temp\temp_recording_1771694218384.webm, size: 6526782 bytes
[2026-02-21T17:16:58.742Z] [INFO] FFmpeg started: ffmpeg -i C:\Users\oluegwuc\AppData\Local\Temp\temp_recording_1771694218384.webm -y -c:v libx264 -crf 23 -preset medium -movflags +faststart -pix_fmt yuv420p -r 24 -c:a aac -b:a 128k -f mp4 C:\Users\oluegwuc\Videos\Recording_1771694218380.mp4
[2026-02-21T17:17:09.992Z] [INFO] Conversion complete: C:\Users\oluegwuc\Videos\Recording_1771694218380.mp4
[2026-02-21T17:17:09.996Z] [INFO] Recording converted and saved: C:\Users\oluegwuc\Videos\Recording_1771694218380.mp4
[2026-02-21T17:17:38.424Z] [WARN] System FFmpeg not found: Command failed: cmd /c "where ffmpeg"
INFO: Could not find files for the given pattern(s).

[2026-02-21T17:17:38.424Z] [INFO] No system FFmpeg found. Hardware acceleration requires system FFmpeg to be installed.
[2026-02-21T17:17:44.316Z] [INFO] Global shortcut registered: F9
[2026-02-21T17:17:52.117Z] [INFO] Recording tray created
[2026-02-21T17:18:23.479Z] [INFO] Stop recording triggered via global shortcut
[2026-02-21T17:18:23.581Z] [INFO] System tray created
[2026-02-21T17:18:23.746Z] [INFO] Auto-saving to: C:\Users\oluegwuc\Videos\Recording_1771694303746.mp4
[2026-02-21T17:18:23.755Z] [INFO] Recording saved to temp: C:\Users\oluegwuc\AppData\Local\Temp\temp_recording_1771694303746.webm, size: 7820607 bytes
[2026-02-21T17:18:24.105Z] [WARN] System FFmpeg not found: Command failed: cmd /c "where ffmpeg"
INFO: Could not find files for the given pattern(s).

[2026-02-21T17:18:24.105Z] [INFO] HW Accel check: hwAccel=nvenc, encoders={"nvenc":false,"qsv":false,"amf":false}, systemFfmpeg=null
[2026-02-21T17:18:24.105Z] [WARN] Hardware acceleration not available. encoders={"nvenc":false,"qsv":false,"amf":false}, systemFfmpeg=null. Using software encoding.
[2026-02-21T17:18:24.136Z] [INFO] FFmpeg started: ffmpeg -i C:\Users\oluegwuc\AppData\Local\Temp\temp_recording_1771694303746.webm -y -c:v libx264 -crf 23 -preset medium -movflags +faststart -pix_fmt yuv420p -r 24 -c:a aac -b:a 128k -f mp4 C:\Users\oluegwuc\Videos\Recording_1771694303746.mp4
[2026-02-21T17:18:38.502Z] [INFO] Conversion complete: C:\Users\oluegwuc\Videos\Recording_1771694303746.mp4
[2026-02-21T17:18:38.505Z] [INFO] Recording converted and saved: C:\Users\oluegwuc\Videos\Recording_1771694303746.mp4
[2026-02-21T17:20:33.482Z] [WARN] System FFmpeg not found: Command failed: cmd /c "where ffmpeg"
INFO: Could not find files for the given pattern(s).

[2026-02-21T17:20:33.483Z] [INFO] No system FFmpeg found. Hardware acceleration requires system FFmpeg to be installed.
[2026-02-21T17:24:46.659Z] [INFO] Application closing
[2026-02-21T17:24:58.921Z] [INFO] Logger initialized
[2026-02-21T17:24:58.927Z] [INFO] Application starting...
[2026-02-21T17:24:58.930Z] [INFO] Running in development mode
[2026-02-21T17:24:59.099Z] [INFO] System tray created
[2026-02-21T17:24:59.107Z] [INFO] Global shortcut registered: F9
[2026-02-21T17:24:59.957Z] [INFO] Main window ready
[2026-02-21T17:25:03.562Z] [INFO] Found system FFmpeg at: C:\ffmpeg\bin\ffmpeg.exe
[2026-02-21T17:25:03.733Z] [INFO] System FFmpeg found. Hardware encoders - NVENC: true, QSV: true, AMF: true
[2026-02-21T17:25:13.123Z] [INFO] Global shortcut registered: F9
[2026-02-21T17:25:27.774Z] [INFO] Recording tray created
[2026-02-21T17:25:42.628Z] [INFO] Stop recording triggered via global shortcut
[2026-02-21T17:25:42.722Z] [INFO] System tray created
[2026-02-21T17:25:42.826Z] [INFO] Auto-saving to: C:\Users\oluegwuc\Videos\Recording_1771694742826.mp4
[2026-02-21T17:25:42.834Z] [INFO] Recording saved to temp: C:\Users\oluegwuc\AppData\Local\Temp\temp_recording_1771694742827.webm, size: 4777847 bytes
[2026-02-21T17:25:42.847Z] [INFO] Found system FFmpeg at: C:\ffmpeg\bin\ffmpeg.exe
[2026-02-21T17:25:42.847Z] [INFO] HW Accel check: hwAccel=nvenc, encoders={"nvenc":true,"qsv":true,"amf":true}, systemFfmpeg=C:\ffmpeg\bin\ffmpeg.exe
[2026-02-21T17:25:42.848Z] [INFO] Using hardware encoder: h264_nvenc with system FFmpeg at C:\ffmpeg\bin\ffmpeg.exe
[2026-02-21T17:25:44.281Z] [INFO] FFmpeg started: ffmpeg -i C:\Users\oluegwuc\AppData\Local\Temp\temp_recording_1771694742827.webm -y -c:v h264_nvenc -preset fast -movflags +faststart -pix_fmt yuv420p -r 24 -c:a aac -b:a 128k -f mp4 C:\Users\oluegwuc\Videos\Recording_1771694742826.mp4
[2026-02-21T17:25:44.964Z] [ERROR] Conversion error: ffmpeg exited with code 4294967256: Conversion failed!

[2026-02-21T17:25:44.965Z] [ERROR] Conversion failed: ffmpeg exited with code 4294967256: Conversion failed!
, saving as webm
[2026-02-21T17:26:01.034Z] [INFO] Recording tray created
[2026-02-21T17:26:05.417Z] [INFO] System tray created
[2026-02-21T17:26:05.469Z] [INFO] Auto-saving to: C:\Users\oluegwuc\Videos\Recording_1771694765469.mp4
[2026-02-21T17:26:05.478Z] [INFO] Recording saved to temp: C:\Users\oluegwuc\AppData\Local\Temp\temp_recording_1771694765473.webm, size: 3196680 bytes
[2026-02-21T17:26:05.493Z] [INFO] Found system FFmpeg at: C:\ffmpeg\bin\ffmpeg.exe
[2026-02-21T17:26:05.493Z] [INFO] HW Accel check: hwAccel=nvenc, encoders={"nvenc":true,"qsv":true,"amf":true}, systemFfmpeg=C:\ffmpeg\bin\ffmpeg.exe
[2026-02-21T17:26:05.494Z] [INFO] Using hardware encoder: h264_nvenc with system FFmpeg at C:\ffmpeg\bin\ffmpeg.exe
[2026-02-21T17:26:05.578Z] [INFO] FFmpeg started: ffmpeg -i C:\Users\oluegwuc\AppData\Local\Temp\temp_recording_1771694765473.webm -y -c:v h264_nvenc -preset fast -movflags +faststart -pix_fmt yuv420p -r 24 -c:a aac -b:a 128k -f mp4 C:\Users\oluegwuc\Videos\Recording_1771694765469.mp4
[2026-02-21T17:26:06.267Z] [ERROR] Conversion error: ffmpeg exited with code 4294967256: Conversion failed!

[2026-02-21T17:26:06.267Z] [ERROR] Conversion failed: ffmpeg exited with code 4294967256: Conversion failed!
, saving as webm
[2026-02-21T17:26:10.962Z] [INFO] Found system FFmpeg at: C:\ffmpeg\bin\ffmpeg.exe
[2026-02-21T17:26:11.126Z] [INFO] System FFmpeg found. Hardware encoders - NVENC: true, QSV: true, AMF: true
[2026-02-21T17:26:16.673Z] [INFO] Global shortcut registered: F9
[2026-02-21T17:26:24.274Z] [INFO] Recording tray created
[2026-02-21T17:26:35.297Z] [INFO] System tray created
[2026-02-21T17:26:35.399Z] [INFO] Auto-saving to: C:\Users\oluegwuc\Videos\Recording_1771694795399.mp4
[2026-02-21T17:26:35.408Z] [INFO] Recording saved to temp: C:\Users\oluegwuc\AppData\Local\Temp\temp_recording_1771694795400.webm, size: 6353911 bytes
[2026-02-21T17:26:35.456Z] [INFO] FFmpeg started: ffmpeg -i C:\Users\oluegwuc\AppData\Local\Temp\temp_recording_1771694795400.webm -y -c:v libx264 -crf 23 -preset medium -movflags +faststart -pix_fmt yuv420p -r 24 -c:a aac -b:a 128k -f mp4 C:\Users\oluegwuc\Videos\Recording_1771694795399.mp4
[2026-02-21T17:26:42.089Z] [INFO] Conversion complete: C:\Users\oluegwuc\Videos\Recording_1771694795399.mp4
[2026-02-21T17:26:42.092Z] [INFO] Recording converted and saved: C:\Users\oluegwuc\Videos\Recording_1771694795399.mp4
[2026-02-21T17:27:14.300Z] [INFO] Application closing
[2026-02-21T17:34:00.806Z] [INFO] Logger initialized
[2026-02-21T17:34:00.812Z] [INFO] Application starting...
[2026-02-21T17:34:00.813Z] [INFO] Running in development mode
[2026-02-21T17:34:00.971Z] [INFO] System tray created
[2026-02-21T17:34:00.984Z] [INFO] Global shortcut registered: F9
[2026-02-21T17:34:01.837Z] [INFO] Main window ready
[2026-02-21T17:34:05.819Z] [INFO] Found system FFmpeg at: C:\ffmpeg\bin\ffmpeg.exe
[2026-02-21T17:34:05.996Z] [INFO] System FFmpeg found. Hardware encoders - NVENC: true, QSV: true, AMF: true
[2026-02-21T17:34:16.215Z] [INFO] Global shortcut registered: F9
[2026-02-21T17:34:23.531Z] [INFO] Recording tray created
[2026-02-21T19:49:08.989Z] [INFO] Logger initialized
[2026-02-21T19:49:08.999Z] [INFO] Application starting...
[2026-02-21T19:49:08.999Z] [INFO] Running in development mode
[2026-02-21T19:49:09.400Z] [INFO] System tray created
[2026-02-21T19:49:09.404Z] [INFO] Global shortcut registered: F9
[2026-02-21T19:49:10.008Z] [INFO] Main window ready
[2026-02-21T19:49:26.971Z] [INFO] Recording tray created
[2026-02-21T19:50:03.472Z] [INFO] System tray created
[2026-02-21T19:50:03.645Z] [INFO] Auto-saving to: C:\Users\oluegwuc\Videos\Recording_1771703403645.mp4
[2026-02-21T19:50:03.658Z] [INFO] Recording saved to temp: C:\Users\oluegwuc\AppData\Local\Temp\temp_recording_1771703403645.webm, size: 12739613 bytes
[2026-02-21T19:50:03.670Z] [INFO] Found system FFmpeg at: C:\ffmpeg\bin\ffmpeg.exe
[2026-02-21T19:50:03.670Z] [INFO] HW Accel check: hwAccel=nvenc, encoders={"nvenc":true,"qsv":true,"amf":true}, systemFfmpeg=C:\ffmpeg\bin\ffmpeg.exe
[2026-02-21T19:50:03.670Z] [INFO] Using hardware encoder: h264_nvenc with system FFmpeg at C:\ffmpeg\bin\ffmpeg.exe
[2026-02-21T19:50:04.662Z] [INFO] FFmpeg started: ffmpeg -i C:\Users\oluegwuc\AppData\Local\Temp\temp_recording_1771703403645.webm -y -c:v h264_nvenc -preset p1 -tune hq -rc cbr -movflags +faststart -pix_fmt yuv420p -r 24 -c:a aac -b:a 128k -f mp4 C:\Users\oluegwuc\Videos\Recording_1771703403645.mp4
[2026-02-21T19:50:05.573Z] [ERROR] Conversion error: ffmpeg exited with code 4294967256: Conversion failed!

[2026-02-21T19:50:05.574Z] [ERROR] Conversion failed: ffmpeg exited with code 4294967256: Conversion failed!
, saving as webm
[2026-02-21T19:50:24.487Z] [INFO] Found system FFmpeg at: C:\ffmpeg\bin\ffmpeg.exe
[2026-02-21T19:50:24.624Z] [INFO] System FFmpeg found. Hardware encoders - NVENC: true, QSV: true, AMF: true
[2026-02-21T19:50:34.820Z] [INFO] Global shortcut registered: F9
[2026-02-21T20:35:49.421Z] [INFO] Logger initialized
[2026-02-21T20:35:49.427Z] [INFO] Application starting...
[2026-02-21T20:35:49.427Z] [INFO] Running in development mode
[2026-02-21T20:35:49.574Z] [INFO] System tray created
[2026-02-21T20:35:49.576Z] [INFO] Global shortcut registered: F9
[2026-02-21T20:35:50.423Z] [INFO] Main window ready
[2026-02-21T20:36:01.006Z] [INFO] Found system FFmpeg at: C:\ffmpeg\bin\ffmpeg.exe
[2026-02-21T20:36:01.162Z] [INFO] System FFmpeg found. Hardware encoders - NVENC: true, QSV: true, AMF: true
[2026-02-21T20:36:01.170Z] [INFO] Found system FFmpeg at: C:\ffmpeg\bin\ffmpeg.exe
[2026-02-21T20:36:15.080Z] [INFO] Global shortcut registered: F9
[2026-02-21T20:36:25.096Z] [INFO] Recording tray created
[2026-02-21T20:36:29.497Z] [INFO] Stop recording triggered via global shortcut
[2026-02-21T20:36:29.580Z] [INFO] System tray created
[2026-02-21T20:36:29.621Z] [INFO] Auto-saving to: C:\Users\oluegwuc\Videos\Recording_1771706189621.mp4
[2026-02-21T20:36:29.628Z] [INFO] Recording saved to temp: C:\Users\oluegwuc\AppData\Local\Temp\temp_recording_1771706189621.webm, size: 2825661 bytes
[2026-02-21T20:36:29.642Z] [INFO] Found system FFmpeg at: C:\ffmpeg\bin\ffmpeg.exe
[2026-02-21T20:36:29.642Z] [INFO] HW Accel check: hwAccel=nvenc, encoders={"nvenc":true,"qsv":true,"amf":true}, systemFfmpeg=C:\ffmpeg\bin\ffmpeg.exe
[2026-02-21T20:36:29.642Z] [INFO] Using hardware encoder: h264_nvenc with system FFmpeg at C:\ffmpeg\bin\ffmpeg.exe
[2026-02-21T20:36:29.921Z] [INFO] FFmpeg started: ffmpeg -i C:\Users\oluegwuc\AppData\Local\Temp\temp_recording_1771706189621.webm -y -c:v h264_nvenc -preset p1 -tune hq -rc cbr -movflags +faststart -pix_fmt yuv420p -r 24 -c:a aac -b:a 128k -f mp4 C:\Users\oluegwuc\Videos\Recording_1771706189621.mp4
[2026-02-21T20:36:30.602Z] [ERROR] Conversion error: ffmpeg exited with code 4294967256: Conversion failed!

[2026-02-21T20:36:30.603Z] [ERROR] Conversion failed: ffmpeg exited with code 4294967256: Conversion failed!
, saving as webm
[2026-02-21T20:44:20.282Z] [INFO] Application closing
[2026-02-21T20:44:26.754Z] [INFO] Logger initialized
[2026-02-21T20:44:26.763Z] [INFO] Application starting...
[2026-02-21T20:44:26.764Z] [INFO] Running in development mode
[2026-02-21T20:44:26.955Z] [INFO] System tray created
[2026-02-21T20:44:26.964Z] [INFO] Global shortcut registered: F9
[2026-02-21T20:44:27.909Z] [INFO] Main window ready
[2026-02-21T20:44:34.556Z] [INFO] Found system FFmpeg at: C:\ffmpeg\bin\ffmpeg.exe
[2026-02-21T20:44:34.725Z] [INFO] System FFmpeg found. Hardware encoders - NVENC: true, QSV: true, AMF: true
[2026-02-21T20:44:34.734Z] [INFO] Found system FFmpeg at: C:\ffmpeg\bin\ffmpeg.exe
[2026-02-21T20:44:58.478Z] [INFO] Global shortcut registered: F9
[2026-02-21T20:45:09.292Z] [INFO] Found system FFmpeg at: C:\ffmpeg\bin\ffmpeg.exe
[2026-02-21T20:45:09.468Z] [INFO] System FFmpeg found. Hardware encoders - NVENC: true, QSV: true, AMF: true
[2026-02-21T20:45:09.478Z] [INFO] Found system FFmpeg at: C:\ffmpeg\bin\ffmpeg.exe
[2026-02-21T20:45:10.885Z] [INFO] Global shortcut registered: F9
[2026-02-21T20:45:18.952Z] [INFO] Recording tray created
[2026-02-21T20:45:36.845Z] [INFO] Stop recording triggered via global shortcut
[2026-02-21T20:45:36.929Z] [INFO] System tray created
[2026-02-21T20:45:37.033Z] [INFO] Auto-saving to: C:\Users\oluegwuc\Videos\Recording_1771706737033.mp4
[2026-02-21T20:45:37.040Z] [INFO] Recording saved to temp: C:\Users\oluegwuc\AppData\Local\Temp\temp_recording_1771706737035.webm, size: 3939662 bytes
[2026-02-21T20:45:37.049Z] [INFO] Found system FFmpeg at: C:\ffmpeg\bin\ffmpeg.exe
[2026-02-21T20:45:37.051Z] [INFO] HW Accel check: hwAccel=nvenc, encoders={"nvenc":true,"qsv":true,"amf":true}, systemFfmpeg=C:\ffmpeg\bin\ffmpeg.exe
[2026-02-21T20:45:37.052Z] [INFO] Using hardware encoder: h264_nvenc with system FFmpeg at C:\ffmpeg\bin\ffmpeg.exe
[2026-02-21T20:45:37.390Z] [INFO] FFmpeg started: ffmpeg -i C:\Users\oluegwuc\AppData\Local\Temp\temp_recording_1771706737035.webm -y -c:v h264_nvenc -preset p1 -tune hq -rc cbr -movflags +faststart -pix_fmt yuv420p -r 24 -c:a aac -b:a 128k -f mp4 C:\Users\oluegwuc\Videos\Recording_1771706737033.mp4
[2026-02-21T20:45:38.045Z] [ERROR] Conversion error: ffmpeg exited with code 4294967256: Conversion failed!

[2026-02-21T20:45:38.045Z] [ERROR] Conversion failed: ffmpeg exited with code 4294967256: Conversion failed!
, saving as webm
[2026-02-21T20:46:01.964Z] [INFO] Found system FFmpeg at: C:\ffmpeg\bin\ffmpeg.exe
[2026-02-21T20:46:02.131Z] [INFO] System FFmpeg found. Hardware encoders - NVENC: true, QSV: true, AMF: true
[2026-02-21T20:46:02.138Z] [INFO] Found system FFmpeg at: C:\ffmpeg\bin\ffmpeg.exe
[2026-02-21T20:57:44.048Z] [INFO] Application closing
[2026-02-21T20:58:53.298Z] [INFO] Logger initialized
[2026-02-21T20:58:53.303Z] [INFO] Application starting...
[2026-02-21T20:58:53.303Z] [INFO] Running in development mode
[2026-02-21T20:58:53.470Z] [INFO] System tray created
[2026-02-21T20:58:53.482Z] [INFO] Global shortcut registered: F9
[2026-02-21T20:58:54.385Z] [INFO] Main window ready
[2026-02-21T20:58:59.805Z] [INFO] Found system FFmpeg at: C:\ffmpeg\bin\ffmpeg.exe
[2026-02-21T20:58:59.972Z] [INFO] System FFmpeg found. Hardware encoders - NVENC: true, QSV: true, AMF: true
[2026-02-21T20:58:59.981Z] [INFO] Found system FFmpeg at: C:\ffmpeg\bin\ffmpeg.exe
[2026-02-21T20:59:53.611Z] [INFO] Found system FFmpeg at: C:\ffmpeg\bin\ffmpeg.exe
[2026-02-21T20:59:53.791Z] [INFO] System FFmpeg found. Hardware encoders - NVENC: true, QSV: true, AMF: true
[2026-02-21T20:59:53.800Z] [INFO] Found system FFmpeg at: C:\ffmpeg\bin\ffmpeg.exe
[2026-02-21T21:01:54.015Z] [INFO] Recording tray created
[2026-02-21T21:02:00.338Z] [INFO] Stop recording triggered via global shortcut
[2026-02-21T21:02:00.411Z] [INFO] System tray created
[2026-02-21T21:02:00.489Z] [INFO] Auto-saving to: C:\Users\oluegwuc\Videos\Recording_1771707720489.mp4
[2026-02-21T21:02:00.494Z] [INFO] Recording saved to temp: C:\Users\oluegwuc\AppData\Local\Temp\temp_recording_1771707720489.webm, size: 3209012 bytes
[2026-02-21T21:02:00.505Z] [INFO] Found system FFmpeg at: C:\ffmpeg\bin\ffmpeg.exe
[2026-02-21T21:02:00.510Z] [INFO] HW Accel check: hwAccel=nvenc, encoders={"nvenc":true,"qsv":true,"amf":true}, systemFfmpeg=C:\ffmpeg\bin\ffmpeg.exe
[2026-02-21T21:02:00.511Z] [INFO] Using hardware encoder: h264_nvenc with system FFmpeg at C:\ffmpeg\bin\ffmpeg.exe
[2026-02-21T21:02:00.807Z] [INFO] FFmpeg started: ffmpeg -i C:\Users\oluegwuc\AppData\Local\Temp\temp_recording_1771707720489.webm -y -c:v h264_nvenc -preset p1 -tune hq -rc cbr -movflags +faststart -pix_fmt yuv420p -r 24 -c:a aac -b:a 128k -f mp4 C:\Users\oluegwuc\Videos\Recording_1771707720489.mp4
[2026-02-21T21:02:01.508Z] [ERROR] Conversion error: ffmpeg exited with code 4294967256: Conversion failed!

[2026-02-21T21:02:01.510Z] [ERROR] Conversion failed: ffmpeg exited with code 4294967256: Conversion failed!
, saving as webm
[2026-02-21T21:02:25.284Z] [INFO] Found system FFmpeg at: C:\ffmpeg\bin\ffmpeg.exe
[2026-02-21T21:02:25.450Z] [INFO] System FFmpeg found. Hardware encoders - NVENC: true, QSV: true, AMF: true
[2026-02-21T21:02:25.458Z] [INFO] Found system FFmpeg at: C:\ffmpeg\bin\ffmpeg.exe
[2026-02-21T21:05:58.958Z] [INFO] Global shortcut registered: F9
[2026-02-21T21:06:06.182Z] [INFO] Recording tray created
[2026-02-21T21:06:14.676Z] [INFO] Stop recording triggered via global shortcut
[2026-02-21T21:06:14.727Z] [INFO] System tray created
[2026-02-21T21:06:14.836Z] [INFO] Auto-saving to: C:\Users\oluegwuc\Videos\Recording_1771707974836.mp4
[2026-02-21T21:06:14.842Z] [INFO] Recording saved to temp: C:\Users\oluegwuc\AppData\Local\Temp\temp_recording_1771707974836.webm, size: 4762961 bytes
[2026-02-21T21:06:14.914Z] [INFO] FFmpeg started: ffmpeg -i C:\Users\oluegwuc\AppData\Local\Temp\temp_recording_1771707974836.webm -y -c:v libx264 -crf 23 -preset medium -movflags +faststart -pix_fmt yuv420p -r 24 -c:a aac -b:a 128k -f mp4 C:\Users\oluegwuc\Videos\Recording_1771707974836.mp4
[2026-02-21T21:06:20.246Z] [INFO] Conversion complete: C:\Users\oluegwuc\Videos\Recording_1771707974836.mp4
[2026-02-21T21:06:20.249Z] [INFO] Recording converted and saved: C:\Users\oluegwuc\Videos\Recording_1771707974836.mp4
[2026-02-21T21:08:12.187Z] [INFO] Application closing
[2026-02-21T21:08:20.274Z] [INFO] Logger initialized
[2026-02-21T21:08:20.279Z] [INFO] Application starting...
[2026-02-21T21:08:20.279Z] [INFO] Running in development mode
[2026-02-21T21:08:20.468Z] [INFO] System tray created
[2026-02-21T21:08:20.516Z] [INFO] Global shortcut registered: F9
[2026-02-21T21:08:21.521Z] [INFO] Main window ready
[2026-02-21T21:08:25.938Z] [INFO] Found system FFmpeg at: C:\ffmpeg\bin\ffmpeg.exe
[2026-02-21T21:08:26.186Z] [INFO] System FFmpeg found. Hardware encoders - NVENC: true, QSV: true, AMF: true
[2026-02-21T21:08:26.195Z] [INFO] Found system FFmpeg at: C:\ffmpeg\bin\ffmpeg.exe
[2026-02-21T21:13:56.398Z] [INFO] Application closing
[2026-02-21T21:14:01.411Z] [INFO] Logger initialized
[2026-02-21T21:14:01.417Z] [INFO] Application starting...
[2026-02-21T21:14:01.417Z] [INFO] Running in development mode
[2026-02-21T21:14:01.561Z] [INFO] System tray created
[2026-02-21T21:14:01.571Z] [INFO] Global shortcut registered: F9
[2026-02-21T21:14:02.401Z] [INFO] Main window ready
[2026-02-21T21:14:06.679Z] [INFO] Found system FFmpeg at: C:\ffmpeg\bin\ffmpeg.exe
[2026-02-21T21:14:06.829Z] [INFO] System FFmpeg found. Hardware encoders - NVENC: true, QSV: true, AMF: true
[2026-02-21T21:14:06.837Z] [INFO] Found system FFmpeg at: C:\ffmpeg\bin\ffmpeg.exe
[2026-02-21T21:14:36.833Z] [INFO] Global shortcut registered: F9
[2026-02-21T21:50:21.074Z] [INFO] Logger initialized
[2026-02-21T21:50:21.079Z] [INFO] Application starting...
[2026-02-21T21:50:21.081Z] [INFO] Running in development mode
[2026-02-21T21:50:21.271Z] [INFO] System tray created
[2026-02-21T21:50:21.279Z] [INFO] Global shortcut registered: F9
[2026-02-21T21:50:22.242Z] [INFO] Main window ready
[2026-02-21T21:50:34.873Z] [INFO] Found system FFmpeg at: C:\ffmpeg\bin\ffmpeg.exe
[2026-02-21T21:50:35.028Z] [INFO] System FFmpeg found. Hardware encoders - NVENC: true, QSV: true, AMF: true
[2026-02-21T21:50:35.037Z] [INFO] Found system FFmpeg at: C:\ffmpeg\bin\ffmpeg.exe
[2026-02-21T21:50:45.802Z] [INFO] Found system FFmpeg at: C:\ffmpeg\bin\ffmpeg.exe
[2026-02-21T21:50:45.970Z] [INFO] System FFmpeg found. Hardware encoders - NVENC: true, QSV: true, AMF: true
[2026-02-21T21:50:45.980Z] [INFO] Found system FFmpeg at: C:\ffmpeg\bin\ffmpeg.exe
[2026-02-21T22:22:04.913Z] [INFO] Logger initialized
[2026-02-21T22:22:04.920Z] [INFO] Application starting...
[2026-02-21T22:22:04.921Z] [INFO] Running in development mode
[2026-02-21T22:22:05.078Z] [INFO] System tray created
[2026-02-21T22:22:08.216Z] [INFO] Main window ready
[2026-02-21T22:27:11.880Z] [INFO] Application closing
[2026-02-21T22:27:13.833Z] [INFO] Application closing
[2026-02-21T22:27:20.660Z] [INFO] Logger initialized
[2026-02-21T22:27:20.664Z] [INFO] Application starting...
[2026-02-21T22:27:20.664Z] [INFO] Running in development mode
[2026-02-21T22:27:20.846Z] [INFO] System tray created
[2026-02-21T22:27:21.749Z] [INFO] Main window ready
[2026-02-21T22:27:37.218Z] [INFO] Recording tray created
[2026-02-21T22:27:42.169Z] [INFO] System tray created
[2026-02-21T22:28:00.540Z] [INFO] Recording saved to temp: C:\Users\oluegwuc\AppData\Local\Temp\temp_recording_1771712880534.webm, size: 3133441 bytes
[2026-02-21T22:28:00.787Z] [INFO] FFmpeg started: ffmpeg -i C:\Users\oluegwuc\AppData\Local\Temp\temp_recording_1771712880534.webm -y -c:v libx264 -crf 23 -preset medium -movflags +faststart -pix_fmt yuv420p -r 24 -c:a aac -b:a 128k -f mp4 C:\Users\oluegwuc\Videos\Recording_2026-02-21_23-27-42.mp4
[2026-02-21T22:28:04.122Z] [INFO] Conversion complete: C:\Users\oluegwuc\Videos\Recording_2026-02-21_23-27-42.mp4
[2026-02-21T22:28:04.125Z] [INFO] Recording converted and saved: C:\Users\oluegwuc\Videos\Recording_2026-02-21_23-27-42.mp4
[2026-02-21T22:33:05.023Z] [INFO] Application closing
[2026-02-21T22:33:11.658Z] [INFO] Logger initialized
[2026-02-21T22:33:11.664Z] [INFO] Application starting...
[2026-02-21T22:33:11.664Z] [INFO] Running in development mode
[2026-02-21T22:33:11.823Z] [INFO] System tray created
[2026-02-21T22:33:12.739Z] [INFO] Main window ready
[2026-02-21T22:34:35.232Z] [INFO] Logger initialized
[2026-02-21T22:34:35.238Z] [INFO] Application starting...
[2026-02-21T22:34:35.239Z] [INFO] Running in development mode
[2026-02-21T22:34:35.382Z] [INFO] System tray created
[2026-02-21T22:34:36.284Z] [INFO] Main window ready
[2026-02-21T22:35:39.885Z] [INFO] Logger initialized
[2026-02-21T22:35:39.890Z] [INFO] Application starting...
[2026-02-21T22:35:39.890Z] [INFO] Running in development mode
[2026-02-21T22:35:40.035Z] [INFO] System tray created
[2026-02-21T22:35:40.849Z] [INFO] Main window ready
[2026-02-21T22:36:16.823Z] [INFO] Logger initialized
[2026-02-21T22:36:16.827Z] [INFO] Application starting...
[2026-02-21T22:36:16.827Z] [INFO] Running in development mode
[2026-02-21T22:36:17.020Z] [INFO] System tray created
[2026-02-21T22:36:17.822Z] [INFO] Main window ready
[2026-02-21T22:39:27.614Z] [INFO] Logger initialized
[2026-02-21T22:39:27.619Z] [INFO] Application starting...
[2026-02-21T22:39:27.620Z] [INFO] Running in development mode
[2026-02-21T22:39:27.777Z] [INFO] System tray created
[2026-02-21T22:39:28.637Z] [INFO] Main window ready
[2026-02-21T22:41:49.856Z] [INFO] Logger initialized
[2026-02-21T22:41:49.861Z] [INFO] Application starting...
[2026-02-21T22:41:49.861Z] [INFO] Running in development mode
[2026-02-21T22:41:50.013Z] [INFO] System tray created
[2026-02-21T22:41:50.903Z] [INFO] Main window ready
[2026-02-21T22:43:49.577Z] [INFO] Logger initialized
[2026-02-21T22:43:49.581Z] [INFO] Application starting...
[2026-02-21T22:43:49.581Z] [INFO] Running in development mode
[2026-02-21T22:43:49.734Z] [INFO] System tray created
[2026-02-21T22:43:50.612Z] [INFO] Main window ready
[2026-02-21T22:45:00.634Z] [INFO] Logger initialized
[2026-02-21T22:45:00.638Z] [INFO] Application starting...
[2026-02-21T22:45:00.639Z] [INFO] Running in development mode
[2026-02-21T22:45:00.776Z] [INFO] System tray created
[2026-02-21T22:45:01.599Z] [INFO] Main window ready
[2026-02-21T22:45:05.151Z] [INFO] Application closing
[2026-02-21T22:45:23.277Z] [INFO] Logger initialized
[2026-02-21T22:45:23.288Z] [INFO] Application starting...
[2026-02-21T22:45:23.289Z] [INFO] Running in development mode
[2026-02-21T22:45:23.449Z] [INFO] System tray created
[2026-02-21T22:45:24.392Z] [INFO] Main window ready
[2026-02-21T22:45:39.190Z] [INFO] Recording tray created
[2026-02-21T22:45:41.840Z] [INFO] System tray created
[2026-02-21T22:45:44.447Z] [INFO] Recording saved to temp: C:\Users\oluegwuc\AppData\Local\Temp\temp_recording_1771713944443.webm, size: 1609117 bytes
[2026-02-21T22:45:44.721Z] [INFO] FFmpeg started: ffmpeg -i C:\Users\oluegwuc\AppData\Local\Temp\temp_recording_1771713944443.webm -y -c:v libx264 -crf 23 -preset medium -movflags +faststart -pix_fmt yuv420p -r 24 -c:a aac -b:a 128k -f mp4 C:\Users\oluegwuc\Videos\Recording_2026-02-21_23-45-41.mp4
[2026-02-21T22:45:46.749Z] [INFO] Conversion complete: C:\Users\oluegwuc\Videos\Recording_2026-02-21_23-45-41.mp4
[2026-02-21T22:45:46.751Z] [INFO] Recording converted and saved: C:\Users\oluegwuc\Videos\Recording_2026-02-21_23-45-41.mp4
[2026-02-21T22:45:54.226Z] [INFO] Found system FFmpeg at: C:\ffmpeg\bin\ffmpeg.exe
[2026-02-21T22:45:54.407Z] [INFO] System FFmpeg found. Hardware encoders - NVENC: true, QSV: true, AMF: true
[2026-02-21T22:45:54.416Z] [INFO] Found system FFmpeg at: C:\ffmpeg\bin\ffmpeg.exe
[2026-02-21T22:46:25.722Z] [INFO] Global shortcut registered: F9
[2026-02-21T22:46:34.477Z] [INFO] Application closing
[2026-02-21T22:46:39.816Z] [INFO] Logger initialized
[2026-02-21T22:46:39.820Z] [INFO] Application starting...
[2026-02-21T22:46:39.821Z] [INFO] Running in development mode
[2026-02-21T22:46:39.986Z] [INFO] System tray created
[2026-02-21T22:46:40.001Z] [INFO] Global shortcut registered: F9
[2026-02-21T22:46:41.021Z] [INFO] Main window ready
[2026-02-21T22:46:46.122Z] [INFO] Found system FFmpeg at: C:\ffmpeg\bin\ffmpeg.exe
[2026-02-21T22:46:46.287Z] [INFO] System FFmpeg found. Hardware encoders - NVENC: true, QSV: true, AMF: true
[2026-02-21T22:46:46.297Z] [INFO] Found system FFmpeg at: C:\ffmpeg\bin\ffmpeg.exe
[2026-02-21T22:47:04.400Z] [INFO] Application closing
[2026-02-21T22:53:24.999Z] [INFO] Logger initialized
[2026-02-21T22:53:25.006Z] [INFO] Application starting...
[2026-02-21T22:53:25.006Z] [INFO] Running in development mode
[2026-02-21T22:53:25.155Z] [INFO] System tray created
[2026-02-21T22:53:25.930Z] [INFO] Main window ready
[2026-02-21T22:53:31.950Z] [INFO] Application closing
